{"timestamp":"2024-11-09T21:43:59.504Z","gameDetails":{"id":"3","name":"Samurai","type":"boardgame","description":"Samurai is set in medieval Japan. Players compete to gain the favor of three factions: samurai, peasants, and priests, which are represented by helmet, rice paddy, and Buddha figures scattered about the board, which features the islands of Japan. The competition is waged through the use of hexagonal tiles, each of which help curry favor of one of the three factions &mdash; or all three at once! Players can make lightning-quick strikes with horseback ronin and ships or approach their conquests more methodically. As each figure (helmets, rice paddies, and Buddhas) is surrounded, it is awarded to the player who has gained the most favor with the corresponding group.&#10;&#10;Gameplay continues until all the symbols of one type have been removed from the board or four figures have been removed from play due to a tie for influence.&#10;&#10;At the end of the game, players compare captured symbols of each type, competing for majorities in each of the three types. Ties are not uncommon and are broken based on the number of other, &quot;non-majority&quot; symbols each player has collected.&#10;&#10;The game is part of what is sometimes called the Knizia tile-laying trilogy.&#10;&#10;","image":"https://cf.geekdo-images.com/o9-sNXmFS_TLAb7ZlZ4dRA__original/img/TPKZgpNxB_C73RNbhKyP6UR76X0=/0x0/filters:format(jpeg)/pic3211873.jpg","thumbnail":"https://cf.geekdo-images.com/o9-sNXmFS_TLAb7ZlZ4dRA__thumb/img/22MSUC0-ZWgwzhi_VKIbENJik1w=/fit-in/200x150/filters:strip_icc()/pic3211873.jpg","link":"https://boardgamegeek.com/thing/3","minPlayers":"2","maxPlayers":"4","yearPublished":"1998","playingTime":"60","minPlayingTime":"30","maxPlayingTime":"60","bestAtCount":"3"}}