{"timestamp":"2024-11-10T06:11:49.593Z","games":[{"id":"424","name":"1870: Railroading Across the Trans Mississippi from 1870","image":"https://cf.geekdo-images.com/vsbzlxw-DEe4wEBcT3z_ng__original/img/AjBrx79872KueKfg7QG4VRjhiyU=/0x0/filters:format(jpeg)/pic159312.jpg","thumbnail":"https://cf.geekdo-images.com/vsbzlxw-DEe4wEBcT3z_ng__thumb/img/zYmSM5jxBNemVkyWvvkKFMAOIro=/fit-in/200x150/filters:strip_icc()/pic159312.jpg","lastmodified":"2010-03-08 17:34:09","numplays":"0"},{"id":"187104","name":"4 Gods","image":"https://cf.geekdo-images.com/0swUg4xR-G-KkNwMp_Ag0Q__original/img/UAKwG9-pgfYybeKQ9FD_qdgqrCc=/0x0/filters:format(jpeg)/pic3109082.jpg","thumbnail":"https://cf.geekdo-images.com/0swUg4xR-G-KkNwMp_Ag0Q__thumb/img/XscRazKa06wyD0yOQat-kXR1j58=/fit-in/200x150/filters:strip_icc()/pic3109082.jpg","lastmodified":"2024-02-07 13:09:28","numplays":"0"},{"id":"312514","name":"The 7th Continent: A Prison of Clouds","image":"https://cf.geekdo-images.com/HCfmwImN486HluA1zd27ZQ__original/img/1nPC5agyIBd25WGn3UunfvBEiRU=/0x0/filters:format(jpeg)/pic5673865.jpg","thumbnail":"https://cf.geekdo-images.com/HCfmwImN486HluA1zd27ZQ__thumb/img/7Pg7Q98v_TY-2OzeNw2qJRmNagY=/fit-in/200x150/filters:strip_icc()/pic5673865.jpg","lastmodified":"2024-03-11 13:09:43","numplays":"0"},{"id":"283317","name":"The 7th Continent: Classic Edition","image":"https://cf.geekdo-images.com/8qaG9E7-WqvUhxFqh3GVow__original/img/WaLsLrkeDTSiN_FKnJ1aZQQv6WE=/0x0/filters:format(jpeg)/pic4834258.jpg","thumbnail":"https://cf.geekdo-images.com/8qaG9E7-WqvUhxFqh3GVow__thumb/img/6B_DFyF2QD46_DtBvFa5SN5fp8I=/fit-in/200x150/filters:strip_icc()/pic4834258.jpg","lastmodified":"2024-03-11 13:09:29","numplays":"0"},{"id":"236854","name":"The 7th Continent: Comfort Creatures","image":"https://cf.geekdo-images.com/sGXQy-hckGzroXNyLbwKtw__original/img/CA0PhEj6mKs_V8HmAlbh7Ilrxa4=/0x0/filters:format(jpeg)/pic4803369.jpg","thumbnail":"https://cf.geekdo-images.com/sGXQy-hckGzroXNyLbwKtw__thumb/img/qqAUVLTMYeCz2mIFl3O4-EW9TjA=/fit-in/200x150/filters:strip_icc()/pic4803369.jpg","lastmodified":"2024-03-11 13:09:54","numplays":"0"},{"id":"186987","name":"The 7th Continent: Facing the Elements","image":"https://cf.geekdo-images.com/YXf1P_TfjRgQ_BMb39mH0A__original/img/lL3Dipb5CZg9sExQ-PQmlts2XzA=/0x0/filters:format(png)/pic3723334.png","thumbnail":"https://cf.geekdo-images.com/YXf1P_TfjRgQ_BMb39mH0A__thumb/img/BbMMUUT6SAbYXXngD1UY5VgDKUg=/fit-in/200x150/filters:strip_icc()/pic3723334.png","lastmodified":"2024-03-11 13:09:58","numplays":"0"},{"id":"186381","name":"The 7th Continent: Fear the Devourers","image":"https://cf.geekdo-images.com/eR0kDP8doEvPD2e5FvXLuQ__original/img/mZLCJhEfkIphCrPXYvpf72uhuyo=/0x0/filters:format(png)/pic3723336.png","thumbnail":"https://cf.geekdo-images.com/eR0kDP8doEvPD2e5FvXLuQ__thumb/img/igxxHTVNVpE4QKAYd6XyovdoEXY=/fit-in/200x150/filters:strip_icc()/pic3723336.png","lastmodified":"2024-03-11 13:10:00","numplays":"0"},{"id":"312515","name":"The 7th Continent: Forgotten Passages","image":"https://cf.geekdo-images.com/xPw72ZrMVzK96vTi2PCOeQ__original/img/0ontljey9hdximOTtljeTapqjRQ=/0x0/filters:format(jpeg)/pic5673875.jpg","thumbnail":"https://cf.geekdo-images.com/xPw72ZrMVzK96vTi2PCOeQ__thumb/img/1hsura4fYxYCKfDeicLiJfzDpNw=/fit-in/200x150/filters:strip_icc()/pic5673875.jpg","lastmodified":"2024-03-11 13:09:40","numplays":"0"},{"id":"185743","name":"The 7th Continent: Path of Repentance","image":"https://cf.geekdo-images.com/KqQSA1nHrUo5q_gDiBnWJA__original/img/dLntLTDJ9f0I1e61Mo37r0zC2zg=/0x0/filters:format(png)/pic3723340.png","thumbnail":"https://cf.geekdo-images.com/KqQSA1nHrUo5q_gDiBnWJA__thumb/img/k4PXkAXZtDcsfpC1ijx-2t2eCG4=/fit-in/200x150/filters:strip_icc()/pic3723340.png","lastmodified":"2024-03-11 13:10:06","numplays":"0"},{"id":"184904","name":"The 7th Continent: Swamp of Madness","image":"https://cf.geekdo-images.com/FaWKlOmYyEoUNT5HY0UAEA__original/img/68k3y_rhMvFKoY74AOkItm1nqtw=/0x0/filters:format(png)/pic3723342.png","thumbnail":"https://cf.geekdo-images.com/FaWKlOmYyEoUNT5HY0UAEA__thumb/img/M1CddnmFzGrTuwEWqj4s25vWIHg=/fit-in/200x150/filters:strip_icc()/pic3723342.png","lastmodified":"2024-03-11 13:10:12","numplays":"0"},{"id":"311177","name":"The 7th Continent: The Crystal's Song","image":"https://cf.geekdo-images.com/7EHeNrXey3Thml1B_L4IQA__original/img/ANRVBzVstfYs43om6-AkhoU3tY0=/0x0/filters:format(jpeg)/pic5473326.jpg","thumbnail":"https://cf.geekdo-images.com/7EHeNrXey3Thml1B_L4IQA__thumb/img/s7U01RKMp7eQksPIMq_Efvu3N0Q=/fit-in/200x150/filters:strip_icc()/pic5473326.jpg","lastmodified":"2024-03-11 13:09:48","numplays":"0"},{"id":"237497","name":"The 7th Continent: The Flying Roots","image":"https://cf.geekdo-images.com/D6SFM0viOvX3vpglhpniUg__original/img/LPc1tA5t8QdtnKFUOEwrOeCPpdU=/0x0/filters:format(jpeg)/pic4803372.jpg","thumbnail":"https://cf.geekdo-images.com/D6SFM0viOvX3vpglhpniUg__thumb/img/rZeB9RtBTUN3zlFmxBml3KQExCM=/fit-in/200x150/filters:strip_icc()/pic4803372.jpg","lastmodified":"2024-03-11 13:09:51","numplays":"0"},{"id":"184186","name":"The 7th Continent: The Forbidden Sanctuary","image":"https://cf.geekdo-images.com/YLdWdjrb_Yzia6gxdX91yQ__original/img/OJ94fp7mEN5IxJ3bzkw4sWPXF0s=/0x0/filters:format(png)/pic3723344.png","thumbnail":"https://cf.geekdo-images.com/YLdWdjrb_Yzia6gxdX91yQ__thumb/img/Xai7hRvsVK9G-y7T7dFBLo_9BrY=/fit-in/200x150/filters:strip_icc()/pic3723344.png","lastmodified":"2024-03-11 13:10:14","numplays":"0"},{"id":"183660","name":"The 7th Continent: The Icy Maze","image":"https://cf.geekdo-images.com/mLn9y2W_I6gZzynsKnOC2A__original/img/T4y0DQIerKGKcUivHkQbwCAF9m8=/0x0/filters:format(png)/pic3723346.png","thumbnail":"https://cf.geekdo-images.com/mLn9y2W_I6gZzynsKnOC2A__thumb/img/2LTq9d6UpJtyVTwiTv9qo-4baNo=/fit-in/200x150/filters:strip_icc()/pic3723346.png","lastmodified":"2024-03-11 13:10:16","numplays":"0"},{"id":"312513","name":"The 7th Continent: The Veins of the Earth","image":"https://cf.geekdo-images.com/0ugTQYET60XgomLpNRQGwg__original/img/f1XxxJpfs_O_FcXo609gIcn1L-A=/0x0/filters:format(jpeg)/pic5673900.jpg","thumbnail":"https://cf.geekdo-images.com/0ugTQYET60XgomLpNRQGwg__thumb/img/mvKZ4llGh7OySDJ281hRObZhmZw=/fit-in/200x150/filters:strip_icc()/pic5673900.jpg","lastmodified":"2024-03-11 13:09:46","numplays":"0"},{"id":"369548","name":"After Us","image":"https://cf.geekdo-images.com/0p98Q5dENk3sh9mqd3xM0w__original/img/Om4e6Ew9yE-jttGA9OIQOiO7kVM=/0x0/filters:format(png)/pic7471323.png","thumbnail":"https://cf.geekdo-images.com/0p98Q5dENk3sh9mqd3xM0w__thumb/img/o1EGwssgObCxAUjaBB_yKS4SXVs=/fit-in/200x150/filters:strip_icc()/pic7471323.png","lastmodified":"2024-10-11 12:03:44","numplays":"0"},{"id":"31260","name":"Agricola","image":"https://cf.geekdo-images.com/dDDo2Hexl80ucK1IlqTk-g__original/img/toobKoejPiHpfpHk4SYd1UAJafw=/0x0/filters:format(jpeg)/pic831744.jpg","thumbnail":"https://cf.geekdo-images.com/dDDo2Hexl80ucK1IlqTk-g__thumb/img/GHGdnCfeysoP_34gLnofJcNivW8=/fit-in/200x150/filters:strip_icc()/pic831744.jpg","lastmodified":"2010-03-08 17:34:19","numplays":"0"},{"id":"119890","name":"Agricola: All Creatures Big and Small","image":"https://cf.geekdo-images.com/iaxdcb_l3F8McwzyoiiCig__original/img/0jQpVjFEcjoIPpVGRf2DhO-jzLo=/0x0/filters:format(jpeg)/pic1514252.jpg","thumbnail":"https://cf.geekdo-images.com/iaxdcb_l3F8McwzyoiiCig__thumb/img/UWsWeuOQpGv5asAoyrKgwL3pVj0=/fit-in/200x150/filters:strip_icc()/pic1514252.jpg","lastmodified":"2022-01-17 15:23:59","numplays":"0"},{"id":"6249","name":"Alhambra","image":"https://cf.geekdo-images.com/OiqKsYDh7pqeRYKG__kMSw__original/img/Oe2ZTGE2hUnyZQIEoIjM_zwYfcY=/0x0/filters:format(jpeg)/pic4893652.jpg","thumbnail":"https://cf.geekdo-images.com/OiqKsYDh7pqeRYKG__kMSw__thumb/img/Pj2FP8bV-BHofcDS0eGLh8gzTmI=/fit-in/200x150/filters:strip_icc()/pic4893652.jpg","lastmodified":"2010-10-20 15:46:14","numplays":"0"},{"id":"39109","name":"Alhambra: Power of the Sultan","image":"https://cf.geekdo-images.com/zHSerJ8o1RCefrmtXC1T8g__original/img/cPZtfKt_uJlfcHiDjly1Em3ZJ_Q=/0x0/filters:format(jpeg)/pic605383.jpg","thumbnail":"https://cf.geekdo-images.com/zHSerJ8o1RCefrmtXC1T8g__thumb/img/_LncpIGJAMdqeXIlVvRN6h45sNU=/fit-in/200x150/filters:strip_icc()/pic605383.jpg","lastmodified":"2010-03-08 17:34:26","numplays":"0"},{"id":"16494","name":"Alhambra: The Thief's Turn","image":"https://cf.geekdo-images.com/aivmMXFXs4S4h5l8-5QECg__original/img/nZ_FzGxD78AdPf2Bh6t5INSpfSw=/0x0/filters:format(jpeg)/pic253894.jpg","thumbnail":"https://cf.geekdo-images.com/aivmMXFXs4S4h5l8-5QECg__thumb/img/tf0DNKGf8Xf2ulYoSsJExSjFdUI=/fit-in/200x150/filters:strip_icc()/pic253894.jpg","lastmodified":"2010-03-08 17:34:32","numplays":"0"},{"id":"22279","name":"Alhambra: The Treasure Chamber","image":"https://cf.geekdo-images.com/fU70Y8zTCZHzcUVaimPOig__original/img/R68PIBt5js_Udjw_jxYbOtSkETo=/0x0/filters:format(jpeg)/pic211861.jpg","thumbnail":"https://cf.geekdo-images.com/fU70Y8zTCZHzcUVaimPOig__thumb/img/vz8mBpxdfxLnjKvs51vh7meS_To=/fit-in/200x150/filters:strip_icc()/pic211861.jpg","lastmodified":"2010-03-08 17:34:27","numplays":"0"},{"id":"9687","name":"Alhambra: The Vizier's Favor","image":"https://cf.geekdo-images.com/EJY83JZj2yHCa5C9jo1rlw__original/img/WJNmCbDyc_ozT6rBnTpESqlgjyA=/0x0/filters:format(jpeg)/pic105723.jpg","thumbnail":"https://cf.geekdo-images.com/EJY83JZj2yHCa5C9jo1rlw__thumb/img/i8qJ3GulVZoTgZ7ClY7bnIenoBg=/fit-in/200x150/filters:strip_icc()/pic105723.jpg","lastmodified":"2010-03-08 17:34:32","numplays":"0"},{"id":"15157","name":"Amazonas","image":"https://cf.geekdo-images.com/vZ3a91jG-jMcKBoNZK3E-w__original/img/VJKD0FO7Y4P7LDGH1GvNY55Xn24=/0x0/filters:format(jpeg)/pic63567.jpg","thumbnail":"https://cf.geekdo-images.com/vZ3a91jG-jMcKBoNZK3E-w__thumb/img/fBCvYEtdNRe6LNgSoMol5yHYhSw=/fit-in/200x150/filters:strip_icc()/pic63567.jpg","lastmodified":"2010-03-08 17:34:39","numplays":"0"},{"id":"5404","name":"Amun-Re","image":"https://cf.geekdo-images.com/wFD0mXh1AZshtsYlrBXyzA__original/img/TbMBl_wTToaiNN9YIF4nixlM6SE=/0x0/filters:format(jpeg)/pic2748305.jpg","thumbnail":"https://cf.geekdo-images.com/wFD0mXh1AZshtsYlrBXyzA__thumb/img/nLzU6sEdEIrWcjgBVOlj-Jfsl6s=/fit-in/200x150/filters:strip_icc()/pic2748305.jpg","lastmodified":"2010-03-08 17:34:46","numplays":"0"},{"id":"400314","name":"Apiary","image":"https://cf.geekdo-images.com/dT1vJbUizZFmJAphKg-byA__original/img/lQe_6iIMvCPrG9aH65RjiWL3s2Q=/0x0/filters:format(png)/pic7720813.png","thumbnail":"https://cf.geekdo-images.com/dT1vJbUizZFmJAphKg-byA__thumb/img/X3_vUM9wGDabo0Goc3iCZE7IfWM=/fit-in/200x150/filters:strip_icc()/pic7720813.png","lastmodified":"2024-02-07 13:14:06","numplays":"0"},{"id":"74","name":"Apples to Apples","image":"https://cf.geekdo-images.com/S5GzB_f2Re3kEDoSxqG5Ew__original/img/K49MN0Ij_tZOgDK4znCUJGu6aU4=/0x0/filters:format(jpeg)/pic213515.jpg","thumbnail":"https://cf.geekdo-images.com/S5GzB_f2Re3kEDoSxqG5Ew__thumb/img/kJ1JQ_d9xEZ00sJ1dLvwyQYiQUA=/fit-in/200x150/filters:strip_icc()/pic213515.jpg","lastmodified":"2010-04-11 13:23:54","numplays":"0"},{"id":"20080","name":"Aqua Romana","image":"https://cf.geekdo-images.com/uqZ_Kf6mlRJFSkEqCCCDtg__original/img/gaZCXjtNqsJBBWiSlYIeEm33SyI=/0x0/filters:format(jpeg)/pic485685.jpg","thumbnail":"https://cf.geekdo-images.com/uqZ_Kf6mlRJFSkEqCCCDtg__thumb/img/mPSt_lfxD_v3fjalAQEq0vlFUiE=/fit-in/200x150/filters:strip_icc()/pic485685.jpg","lastmodified":"2010-03-08 17:34:49","numplays":"0"},{"id":"140934","name":"Arboretum","image":"https://cf.geekdo-images.com/XYOn10oXBrDqHySf0jvnyQ__original/img/RMi0pEsP8agfH-tgYkeRGilD3oo=/0x0/filters:format(png)/pic4172124.png","thumbnail":"https://cf.geekdo-images.com/XYOn10oXBrDqHySf0jvnyQ__thumb/img/X6V1M2nZOinTgwE0KIBfup_QrCw=/fit-in/200x150/filters:strip_icc()/pic4172124.png","lastmodified":"2022-01-12 12:31:04","numplays":"0"},{"id":"342942","name":"Ark Nova","image":"https://cf.geekdo-images.com/SoU8p28Sk1s8MSvoM4N8pQ__original/img/g4S18szTdrXCdIwVKzMKrZrYAcM=/0x0/filters:format(jpeg)/pic6293412.jpg","thumbnail":"https://cf.geekdo-images.com/SoU8p28Sk1s8MSvoM4N8pQ__thumb/img/4KuHNTWSMPf8vTNDKSRMMI3oOv8=/fit-in/200x150/filters:strip_icc()/pic6293412.jpg","lastmodified":"2024-02-07 13:16:05","numplays":"0"},{"id":"368966","name":"Ark Nova: Marine Worlds","image":"https://cf.geekdo-images.com/MBZVrviRAR8NbW6LyUYE-w__original/img/Hn3D4RK6yU-huQHQFhw-FP8NkjE=/0x0/filters:format(jpeg)/pic7501708.jpg","thumbnail":"https://cf.geekdo-images.com/MBZVrviRAR8NbW6LyUYE-w__thumb/img/3ICKvyfg4RD3R-x4drFAGOjUrj4=/fit-in/200x150/filters:strip_icc()/pic7501708.jpg","lastmodified":"2024-02-07 13:13:39","numplays":"0"},{"id":"368158","name":"Ark Nova: Zoo Map Pack 1","image":"https://cf.geekdo-images.com/XtY99AlaiCKEClca1ShawA__original/img/iTtxH_4siKrezFdcQrJEMV3yr7k=/0x0/filters:format(jpeg)/pic6991687.jpg","thumbnail":"https://cf.geekdo-images.com/XtY99AlaiCKEClca1ShawA__thumb/img/JJJ-tXfmudn-xCJvkfyFjnURs-Q=/fit-in/200x150/filters:strip_icc()/pic6991687.jpg","lastmodified":"2024-02-07 13:13:48","numplays":"0"},{"id":"15987","name":"Arkham Horror","image":"https://cf.geekdo-images.com/9cJf4kd_HZQo6NunfJlo9w__original/img/YA5R2ZUV2Zwt_fgXIxu8bii3OJ0=/0x0/filters:format(jpeg)/pic175966.jpg","thumbnail":"https://cf.geekdo-images.com/9cJf4kd_HZQo6NunfJlo9w__thumb/img/6VzhMMmGOxNTCHQ-8iFdn5vINis=/fit-in/200x150/filters:strip_icc()/pic175966.jpg","lastmodified":"2010-03-08 17:11:53","numplays":"0"},{"id":"21059","name":"Arkham Horror: Dunwich Horror Expansion","image":"https://cf.geekdo-images.com/SD4sueZ3S8iL1RlZIq-u_A__original/img/4cSN2FgX87isFO8723Qlm28te-A=/0x0/filters:format(jpeg)/pic114495.jpg","thumbnail":"https://cf.geekdo-images.com/SD4sueZ3S8iL1RlZIq-u_A__thumb/img/RpKj-u4cqnpskpB_QEEpwdEEUA0=/fit-in/200x150/filters:strip_icc()/pic114495.jpg","lastmodified":"2010-03-08 17:11:56","numplays":"0"},{"id":"25945","name":"Arkham Horror: The King in Yellow Expansion","image":"https://cf.geekdo-images.com/pfNqKrM-0NtxL2aCdfzwgg__original/img/GSmhoFARs9pHPTMg231nPPvO13Q=/0x0/filters:format(jpeg)/pic222480.jpg","thumbnail":"https://cf.geekdo-images.com/pfNqKrM-0NtxL2aCdfzwgg__thumb/img/msLVxhHV3WN-BoI5FKf5vAHj0Lo=/fit-in/200x150/filters:strip_icc()/pic222480.jpg","lastmodified":"2010-03-08 17:11:58","numplays":"0"},{"id":"4553","name":"Attribute","image":"https://cf.geekdo-images.com/8mrFKnY4MU5XP2iifmAm9A__original/img/hIRRqekVVfp72eF1J0BG4ntbfaI=/0x0/filters:format(jpeg)/pic211585.jpg","thumbnail":"https://cf.geekdo-images.com/8mrFKnY4MU5XP2iifmAm9A__thumb/img/Co3ceTtwHQMATy3XyWjDcCxATto=/fit-in/200x150/filters:strip_icc()/pic211585.jpg","lastmodified":"2010-03-08 17:34:57","numplays":"0"},{"id":"15033","name":"Australia","image":"https://cf.geekdo-images.com/1WKEg1fo5EJpQpMuzgFYKQ__original/img/2KdV4Eoo5trtvcNQ6qslFy5CRqs=/0x0/filters:format(jpeg)/pic183103.jpg","thumbnail":"https://cf.geekdo-images.com/1WKEg1fo5EJpQpMuzgFYKQ__thumb/img/xDuIl1PNVDPVyX1qBuoJb_YcMns=/fit-in/200x150/filters:strip_icc()/pic183103.jpg","lastmodified":"2010-03-08 17:09:33","numplays":"0"},{"id":"230802","name":"Azul","image":"https://cf.geekdo-images.com/aPSHJO0d0XOpQR5X-wJonw__original/img/AkbtYVc6xXJF3c9EUrakklcclKw=/0x0/filters:format(png)/pic6973671.png","thumbnail":"https://cf.geekdo-images.com/aPSHJO0d0XOpQR5X-wJonw__thumb/img/ccsXKrdGJw-YSClWwzVUwk5Nh9Y=/fit-in/200x150/filters:strip_icc()/pic6973671.png","lastmodified":"2023-09-06 11:41:33","numplays":"0"},{"id":"5716","name":"Balloon Cup","image":"https://cf.geekdo-images.com/YHPPsc22emFVr-eXHPd_BA__original/img/Tgf9oZJzPw3kKM1lrVNvtjPx7kk=/0x0/filters:format(jpeg)/pic63292.jpg","thumbnail":"https://cf.geekdo-images.com/YHPPsc22emFVr-eXHPd_BA__thumb/img/BxIZkGvFA46WWTZWeqCgmGPILlU=/fit-in/200x150/filters:strip_icc()/pic63292.jpg","lastmodified":"2005-03-20 11:49:37","numplays":"0"},{"id":"3955","name":"BANG!","image":"https://cf.geekdo-images.com/_04xA-d-rfygm0c49HE4vA__original/img/el-4Ilu9DeYunRT3r4TVP8Vy3uk=/0x0/filters:format(jpeg)/pic1170986.jpg","thumbnail":"https://cf.geekdo-images.com/_04xA-d-rfygm0c49HE4vA__thumb/img/P-6cf4TEk7ewzrfP9d-8c-TxAY4=/fit-in/200x150/filters:strip_icc()/pic1170986.jpg","lastmodified":"2005-03-20 11:50:49","numplays":"0"},{"id":"9653","name":"BANG! Dodge City","image":"https://cf.geekdo-images.com/wWbGItNBizKGWFKrza5kzQ__original/img/xdol9yfrlIkmwPEBDGYEh6ggEWo=/0x0/filters:format(jpeg)/pic940210.jpg","thumbnail":"https://cf.geekdo-images.com/wWbGItNBizKGWFKrza5kzQ__thumb/img/rjWTuXxLS8Ds8xtb4cG5YpsJbk0=/fit-in/200x150/filters:strip_icc()/pic940210.jpg","lastmodified":"2011-07-21 20:53:20","numplays":"0"},{"id":"10547","name":"Betrayal at House on the Hill","image":"https://cf.geekdo-images.com/lqmt2Oti_qJS65XqHcB8AA__original/img/7R6yYk8A2eUMmSDaxGjae5SceGI=/0x0/filters:format(png)/pic5146864.png","thumbnail":"https://cf.geekdo-images.com/lqmt2Oti_qJS65XqHcB8AA__thumb/img/EDOmDbRhLy4za2PHkJ5IbhNxZmk=/fit-in/200x150/filters:strip_icc()/pic5146864.png","lastmodified":"2010-03-08 17:35:02","numplays":"0"},{"id":"19591","name":"Big Manitou","image":"https://cf.geekdo-images.com/6SDcYGohqFbPQPNfzvRjtQ__original/img/pNq5gEZaddqH5aOYdllBWjmQ2Dc=/0x0/filters:format(jpeg)/pic92071.jpg","thumbnail":"https://cf.geekdo-images.com/6SDcYGohqFbPQPNfzvRjtQ__thumb/img/7q8UJFuyFtmWN8DU7eUv_TjCgwY=/fit-in/200x150/filters:strip_icc()/pic92071.jpg","lastmodified":"2010-03-08 17:52:48","numplays":"0"},{"id":"2453","name":"Blokus","image":"https://cf.geekdo-images.com/96YA5wUJDxtPkmPxemr5Qg__original/img/sdX6o0TZpXjsDMw071k2P80wpYw=/0x0/filters:format(jpeg)/pic2197702.jpg","thumbnail":"https://cf.geekdo-images.com/96YA5wUJDxtPkmPxemr5Qg__thumb/img/EBt2y7Awj5djyo185R7g6FV3P9g=/fit-in/200x150/filters:strip_icc()/pic2197702.jpg","lastmodified":"2010-03-08 17:35:04","numplays":"0"},{"id":"16395","name":"Blokus Duo","image":"https://cf.geekdo-images.com/pn92DM-FlWMRWusB0eP7vQ__original/img/fS5gAR00MprmNdhliAflDD8Wjv4=/0x0/filters:format(jpeg)/pic1086904.jpg","thumbnail":"https://cf.geekdo-images.com/pn92DM-FlWMRWusB0eP7vQ__thumb/img/VWrLrxIYrNEuu5WY8hkZbyVL9cc=/fit-in/200x150/filters:strip_icc()/pic1086904.jpg","lastmodified":"2010-03-08 17:39:02","numplays":"0"},{"id":"11","name":"Bohnanza","image":"https://cf.geekdo-images.com/8SADtu_4zBH_UJrCo935Iw__original/img/RNuAr2CDbxE3XzeJVkxj4Df3eVM=/0x0/filters:format(jpeg)/pic6348964.jpg","thumbnail":"https://cf.geekdo-images.com/8SADtu_4zBH_UJrCo935Iw__thumb/img/vwTEQOWA3Mw__ztkTMulOgJ82Pw=/fit-in/200x150/filters:strip_icc()/pic6348964.jpg","lastmodified":"2010-03-08 17:35:12","numplays":"0"},{"id":"366994","name":"Bonsai","image":"https://cf.geekdo-images.com/7Bm5_VZARWmb5sa2Vd-9nQ__original/img/Np58Wz9tBGioa8b2AqjASQgDrl4=/0x0/filters:format(png)/pic6961607.png","thumbnail":"https://cf.geekdo-images.com/7Bm5_VZARWmb5sa2Vd-9nQ__thumb/img/netlb06OfwpKM-22kVT9klcvC6I=/fit-in/200x150/filters:strip_icc()/pic6961607.png","lastmodified":"2024-02-07 13:09:49","numplays":"0"},{"id":"10997","name":"Boomtown","image":"https://cf.geekdo-images.com/vhSwPyIL6n4kkmkaxfS6Zg__original/img/AzsipmdDiZ9JlDaF8HXTotF2u20=/0x0/filters:format(jpeg)/pic49310.jpg","thumbnail":"https://cf.geekdo-images.com/vhSwPyIL6n4kkmkaxfS6Zg__thumb/img/tBwBgfb9ySruH2saOLXoLucj4eU=/fit-in/200x150/filters:strip_icc()/pic49310.jpg","lastmodified":"2005-03-20 11:51:47","numplays":"0"},{"id":"214","name":"Café International","image":"https://cf.geekdo-images.com/VieUvCI62VUhQ9C4agum3A__original/img/qzA2t0vjkwoGm5yaTBog1ZmewS0=/0x0/filters:format(png)/pic3987975.png","thumbnail":"https://cf.geekdo-images.com/VieUvCI62VUhQ9C4agum3A__thumb/img/dZ4v6yOOU5E-oPFK0UbqBGoXyzU=/fit-in/200x150/filters:strip_icc()/pic3987975.png","lastmodified":"2024-02-07 13:16:23","numplays":"0"},{"id":"328565","name":"Caper: Europe","image":"https://cf.geekdo-images.com/XaAM-6aENSUYDAIsc_y1JA__original/img/M62vMZ5RtmnPVywik4VLg3wMWlg=/0x0/filters:format(jpeg)/pic6767666.jpg","thumbnail":"https://cf.geekdo-images.com/XaAM-6aENSUYDAIsc_y1JA__thumb/img/WwAo1NiJEkT0RDmRMhflvP3g53c=/fit-in/200x150/filters:strip_icc()/pic6767666.jpg","lastmodified":"2023-01-15 13:25:43","numplays":"0"},{"id":"822","name":"Carcassonne","image":"https://cf.geekdo-images.com/okM0dq_bEXnbyQTOvHfwRA__original/img/aVZEXAI-cUtuunNfPhjeHlS4fwQ=/0x0/filters:format(png)/pic6544250.png","thumbnail":"https://cf.geekdo-images.com/okM0dq_bEXnbyQTOvHfwRA__thumb/img/88274KiOg94wziybVHyW8AeOiXg=/fit-in/200x150/filters:strip_icc()/pic6544250.png","lastmodified":"2012-01-17 17:22:14","numplays":"0"},{"id":"2993","name":"Carcassonne: Expansion 1 – Inns & Cathedrals","image":"https://cf.geekdo-images.com/g9q--tONTL86x2D4NKiM8g__original/img/r3cKL28WlWl1jNGzetER6B8A5hM=/0x0/filters:format(jpeg)/pic2659943.jpg","thumbnail":"https://cf.geekdo-images.com/g9q--tONTL86x2D4NKiM8g__thumb/img/opBzVTp4iK4LfozCr3doTYGwTHE=/fit-in/200x150/filters:strip_icc()/pic2659943.jpg","lastmodified":"2011-07-21 20:53:33","numplays":"0"},{"id":"5405","name":"Carcassonne: Expansion 2 – Traders & Builders","image":"https://cf.geekdo-images.com/BaBb91gSf9Lu7CA0Pa9sOg__original/img/NHZlKCrmmNLzmN8k5X4UAjfRWMI=/0x0/filters:format(jpeg)/pic2659946.jpg","thumbnail":"https://cf.geekdo-images.com/BaBb91gSf9Lu7CA0Pa9sOg__thumb/img/wKxqmMudEz0HaM7MEDKLbTVa1qE=/fit-in/200x150/filters:strip_icc()/pic2659946.jpg","lastmodified":"2010-03-08 17:35:22","numplays":"0"},{"id":"7717","name":"Carcassonne: The Castle","image":"https://cf.geekdo-images.com/b93sGgQU_QKNRsynhBAuVA__original/img/9vQ0FpVgmflETrExB8PJjeNeKdo=/0x0/filters:format(jpeg)/pic2606367.jpg","thumbnail":"https://cf.geekdo-images.com/b93sGgQU_QKNRsynhBAuVA__thumb/img/RsiqZlVAQ0PKiV9NeIn14Vbpe1s=/fit-in/200x150/filters:strip_icc()/pic2606367.jpg","lastmodified":"2005-05-01 23:42:18","numplays":"0"},{"id":"12903","name":"Carcassonne: The Count of Carcassonne","image":"https://cf.geekdo-images.com/Xa9aBDIZPLOS4qLiLOi76w__original/img/ReXcxkxNRmgVE18CE-XLqz_YHWY=/0x0/filters:format(jpeg)/pic137042.jpg","thumbnail":"https://cf.geekdo-images.com/Xa9aBDIZPLOS4qLiLOi76w__thumb/img/rPjCSMv89F0hc9npCsyhWOf32rM=/fit-in/200x150/filters:strip_icc()/pic137042.jpg","lastmodified":"2010-03-08 17:35:19","numplays":"0"},{"id":"245934","name":"Carpe Diem","image":"https://cf.geekdo-images.com/fsjopscDFCVArzU7fzhVxA__original/img/JJXwLsCeWj_8FOurLToKpdQuvpc=/0x0/filters:format(jpeg)/pic6183704.jpg","thumbnail":"https://cf.geekdo-images.com/fsjopscDFCVArzU7fzhVxA__thumb/img/6Yu-lVdkDTrICD1y5ZqNmzHZEsc=/fit-in/200x150/filters:strip_icc()/pic6183704.jpg","lastmodified":"2024-02-07 13:10:23","numplays":"0"},{"id":"826","name":"Cartagena","image":"https://cf.geekdo-images.com/e4QUk0ycODuPA7sLoKv4sQ__original/img/Y7CQ0qekCkOjg3fsQ_9xMkHcGyY=/0x0/filters:format(jpeg)/pic1889500.jpg","thumbnail":"https://cf.geekdo-images.com/e4QUk0ycODuPA7sLoKv4sQ__thumb/img/zk6iF4GIIObaxfv7-TuEpS9W59Y=/fit-in/200x150/filters:strip_icc()/pic1889500.jpg","lastmodified":"2010-03-08 17:53:07","numplays":"0"},{"id":"295947","name":"Cascadia","image":"https://cf.geekdo-images.com/MjeJZfulbsM1DSV3DrGJYA__original/img/B374C04Eip7fmQBGJzgiOTp-jyQ=/0x0/filters:format(jpeg)/pic5100691.jpg","thumbnail":"https://cf.geekdo-images.com/MjeJZfulbsM1DSV3DrGJYA__thumb/img/tVSFjSxYEcw7sKj3unIIQV8kxoc=/fit-in/200x150/filters:strip_icc()/pic5100691.jpg","lastmodified":"2023-09-06 11:40:56","numplays":"0"},{"id":"13","name":"CATAN","image":"https://cf.geekdo-images.com/W3Bsga_uLP9kO91gZ7H8yw__original/img/xV7oisd3RQ8R-k18cdWAYthHXsA=/0x0/filters:format(jpeg)/pic2419375.jpg","thumbnail":"https://cf.geekdo-images.com/W3Bsga_uLP9kO91gZ7H8yw__thumb/img/8a9HeqFydO7Uun_le9bXWPnidcA=/fit-in/200x150/filters:strip_icc()/pic2419375.jpg","lastmodified":"2024-04-02 19:17:18","numplays":"0"},{"id":"278","name":"Catan Card Game","image":"https://cf.geekdo-images.com/CRCOv0p4FgZaze_3fGuhIA__original/img/OiugGzMENFVOzMTKBFZnEVOPzto=/0x0/filters:format(jpeg)/pic706443.jpg","thumbnail":"https://cf.geekdo-images.com/CRCOv0p4FgZaze_3fGuhIA__thumb/img/m3u-LAThaaVm0fBYatEMsbrl_bk=/fit-in/200x150/filters:strip_icc()/pic706443.jpg","lastmodified":"2010-03-08 17:38:34","numplays":"0"},{"id":"2915","name":"Catan Card Game: Expansion Set","image":"https://cf.geekdo-images.com/M1ogM5NSkKds14SapeqnwA__original/img/zwSP59aLcnLpY284Qh8HGqzcKlI=/0x0/filters:format(jpeg)/pic255527.jpg","thumbnail":"https://cf.geekdo-images.com/M1ogM5NSkKds14SapeqnwA__thumb/img/A_Rh9sBpilWX1R2l-G2rNhNYLhc=/fit-in/200x150/filters:strip_icc()/pic255527.jpg","lastmodified":"2010-03-08 17:38:36","numplays":"0"},{"id":"926","name":"CATAN: Cities & Knights","image":"https://cf.geekdo-images.com/XVjc87_UzjIhagFeO4r8ew__original/img/EjqC0K9hK6XJOEkF6Hmaz3MKndI=/0x0/filters:format(jpeg)/pic2420315.jpg","thumbnail":"https://cf.geekdo-images.com/XVjc87_UzjIhagFeO4r8ew__thumb/img/MVJhRxVHfoSpVOSSYwvzyn8hTCw=/fit-in/200x150/filters:strip_icc()/pic2420315.jpg","lastmodified":"2010-04-11 13:20:29","numplays":"0"},{"id":"7","name":"Cathedral","image":"https://cf.geekdo-images.com/78Dgd-b_1_xEv4OXVKdaag__original/img/1V-WCnoHrm2tDjBHpXfxoKp2rCo=/0x0/filters:format(jpeg)/pic7012177.jpg","thumbnail":"https://cf.geekdo-images.com/78Dgd-b_1_xEv4OXVKdaag__thumb/img/mrvl6BsXE-IGkqt2otFbIe7zYV4=/fit-in/200x150/filters:strip_icc()/pic7012177.jpg","lastmodified":"2010-03-08 17:35:38","numplays":"0"},{"id":"18602","name":"Caylus","image":"https://cf.geekdo-images.com/yC7nOSc1x5PT-oNnh6TEcQ__original/img/ugJgRdFpYSsb5Pj1NDk76q6LKTo=/0x0/filters:format(jpeg)/pic1638795.jpg","thumbnail":"https://cf.geekdo-images.com/yC7nOSc1x5PT-oNnh6TEcQ__thumb/img/ec9AK_e7FTbxy9tA8er2wW4UnqA=/fit-in/200x150/filters:strip_icc()/pic1638795.jpg","lastmodified":"2010-03-08 17:35:43","numplays":"0"},{"id":"27364","name":"Caylus Magna Carta","image":"https://cf.geekdo-images.com/XLo2qDE1uVGAvVUc2TJZzw__original/img/yoB_q4x1o91ccexqhK09RRqg9tM=/0x0/filters:format(jpeg)/pic339842.jpg","thumbnail":"https://cf.geekdo-images.com/XLo2qDE1uVGAvVUc2TJZzw__thumb/img/A7eydugtIseiNjCxfxcmdCgdy2s=/fit-in/200x150/filters:strip_icc()/pic339842.jpg","lastmodified":"2010-03-08 17:35:46","numplays":"0"},{"id":"18100","name":"China","image":"https://cf.geekdo-images.com/JpLM08UVFMBTpxg2_L71Ug__original/img/pera_XSRM3I1nAH69mP8VzOUb0s=/0x0/filters:format(jpeg)/pic63275.jpg","thumbnail":"https://cf.geekdo-images.com/JpLM08UVFMBTpxg2_L71Ug__thumb/img/tpNmOUjT0PXk5eki_BthGcG2CsQ=/fit-in/200x150/filters:strip_icc()/pic63275.jpg","lastmodified":"2010-03-08 17:35:50","numplays":"0"},{"id":"478","name":"Citadels","image":"https://cf.geekdo-images.com/42iW4E-vOumFXRQAiSf-GA__original/img/ochY5pK4sq4vtzkka0OPRwsGLOE=/0x0/filters:format(jpeg)/pic3239104.jpg","thumbnail":"https://cf.geekdo-images.com/42iW4E-vOumFXRQAiSf-GA__thumb/img/lxwVwqIO1RkDyyykSDFnpmwbgyI=/fit-in/200x150/filters:strip_icc()/pic3239104.jpg","lastmodified":"2005-03-20 12:09:23","numplays":"0"},{"id":"13291","name":"Citadels: The Dark City","image":"https://cf.geekdo-images.com/ob2ZeKEtVI-sgTtyRkFIfA__original/img/Sy9UE6-JbIM2c-pK96oVuTRLUCY=/0x0/filters:format(jpeg)/pic73710.jpg","thumbnail":"https://cf.geekdo-images.com/ob2ZeKEtVI-sgTtyRkFIfA__thumb/img/9WYbMStI_fMk_SRUVP5HUGpOLBw=/fit-in/200x150/filters:strip_icc()/pic73710.jpg","lastmodified":"2010-03-08 17:35:53","numplays":"0"},{"id":"4636","name":"Clans","image":"https://cf.geekdo-images.com/zu0wbezlPB_BcOu_QQJk-w__original/img/t4BL4VexdcFmhaWMDL-LxPqmWWo=/0x0/filters:format(jpeg)/pic402299.jpg","thumbnail":"https://cf.geekdo-images.com/zu0wbezlPB_BcOu_QQJk-w__thumb/img/-SysBOAX-t1r1kmSZpLK44hsHUM=/fit-in/200x150/filters:strip_icc()/pic402299.jpg","lastmodified":"2010-09-10 12:11:13","numplays":"2"},{"id":"22141","name":"Cleopatra and the Society of Architects","image":"https://cf.geekdo-images.com/7cNh9n1YX-TjuWPTjYXSiw__original/img/gbaEwHT_3twIEeYzqH8RDKgiE9Q=/0x0/filters:format(jpeg)/pic1904123.jpg","thumbnail":"https://cf.geekdo-images.com/7cNh9n1YX-TjuWPTjYXSiw__thumb/img/XkQLcneMW2QnQslgvjOWTo94Pm8=/fit-in/200x150/filters:strip_icc()/pic1904123.jpg","lastmodified":"2010-03-08 17:35:55","numplays":"0"},{"id":"178900","name":"Codenames","image":"https://cf.geekdo-images.com/F_KDEu0GjdClml8N7c8Imw__original/img/gcX_EfjsRpB5fI4Ug4XV73G4jGI=/0x0/filters:format(jpeg)/pic2582929.jpg","thumbnail":"https://cf.geekdo-images.com/F_KDEu0GjdClml8N7c8Imw__thumb/img/yl8iXxSNwguMeg3KkmfFO9SMVVc=/fit-in/200x150/filters:strip_icc()/pic2582929.jpg","lastmodified":"2024-02-07 13:16:49","numplays":"0"},{"id":"205158","name":"Codenames: Deep Undercover","image":"https://cf.geekdo-images.com/Hnxruo8BBx73kd4TCZQdYg__original/img/1vLShAQ6FSqcnDF5ik_7bUAFjGQ=/0x0/filters:format(jpeg)/pic4390414.jpg","thumbnail":"https://cf.geekdo-images.com/Hnxruo8BBx73kd4TCZQdYg__thumb/img/kKE4VDsVRyDbQFxNLNzIIl-L85w=/fit-in/200x150/filters:strip_icc()/pic4390414.jpg","lastmodified":"2022-01-12 12:26:15","numplays":"0"},{"id":"224037","name":"Codenames: Duet","image":"https://cf.geekdo-images.com/0d1EaMVmAiIBROI2QstFSQ__original/img/udyeiYgfDrEymxhfgtqODm0GwwA=/0x0/filters:format(jpeg)/pic3596681.jpg","thumbnail":"https://cf.geekdo-images.com/0d1EaMVmAiIBROI2QstFSQ__thumb/img/J-thZd7Pbbh1CE8QHcvEE4w8FBE=/fit-in/200x150/filters:strip_icc()/pic3596681.jpg","lastmodified":"2024-02-07 13:16:56","numplays":"0"},{"id":"198773","name":"Codenames: Pictures","image":"https://cf.geekdo-images.com/Q2u-Nk68Wb1iLjxh_dfsIg__original/img/i4FVjrk9TtmvVlVK7NtwRqgOxdQ=/0x0/filters:format(jpeg)/pic3476592.jpg","thumbnail":"https://cf.geekdo-images.com/Q2u-Nk68Wb1iLjxh_dfsIg__thumb/img/6-1EOESE196KVKw4xOJ5rge56j0=/fit-in/200x150/filters:strip_icc()/pic3476592.jpg","lastmodified":"2024-02-07 13:17:04","numplays":"0"},{"id":"5782","name":"Coloretto","image":"https://cf.geekdo-images.com/pd3qaiROSgTJ5js_0e4Nhw__original/img/W1cSDjB5Bi9bGhl3VRxQSP_Vw54=/0x0/filters:format(png)/pic6653783.png","thumbnail":"https://cf.geekdo-images.com/pd3qaiROSgTJ5js_0e4Nhw__thumb/img/SveyL9J1DT0hX4ucYWjRR6DMrbk=/fit-in/200x150/filters:strip_icc()/pic6653783.png","lastmodified":"2024-02-07 13:17:10","numplays":"0"},{"id":"204027","name":"Cottage Garden","image":"https://cf.geekdo-images.com/7Zk5_GsYycmHYD4RN3kIJQ__original/img/LbvQO9zKGNFn9UKo_adUsarRarQ=/0x0/filters:format(jpeg)/pic3499059.jpg","thumbnail":"https://cf.geekdo-images.com/7Zk5_GsYycmHYD4RN3kIJQ__thumb/img/feLpplY6_MLKO4Tzfj5N2bW4a9o=/fit-in/200x150/filters:strip_icc()/pic3499059.jpg","lastmodified":"2022-01-17 15:24:14","numplays":"0"},{"id":"310632","name":"Dice Miner","image":"https://cf.geekdo-images.com/K03e7G5PaII4S5ILIWPNfw__original/img/kXFUOkYDQFfay31uUBmwSPe6y6E=/0x0/filters:format(jpeg)/pic5440150.jpg","thumbnail":"https://cf.geekdo-images.com/K03e7G5PaII4S5ILIWPNfw__thumb/img/qfEKfhMLEFqXYQAtcbOTEcfhSGo=/fit-in/200x150/filters:strip_icc()/pic5440150.jpg","lastmodified":"2024-02-07 13:12:58","numplays":"0"},{"id":"221194","name":"Dinosaur Island","image":"https://cf.geekdo-images.com/hLJv1A1TwrMrLLIJhVpKVA__original/img/LXqkRZSyg3hRMJlUMm2m83gmi_s=/0x0/filters:format(png)/pic3429338.png","thumbnail":"https://cf.geekdo-images.com/hLJv1A1TwrMrLLIJhVpKVA__thumb/img/cHgvJgF-Gr6mgDKj51uPoqbjHQk=/fit-in/200x150/filters:strip_icc()/pic3429338.png","lastmodified":"2023-09-06 11:45:09","numplays":"0"},{"id":"248591","name":"Dinosaur Island: Totally Liquid","image":"https://cf.geekdo-images.com/ua6A8K1kW5MishcBfq9H1g__original/img/gv1LXjJxrqEpdgWEEAIbYImd-Vs=/0x0/filters:format(jpeg)/pic4033324.jpg","thumbnail":"https://cf.geekdo-images.com/ua6A8K1kW5MishcBfq9H1g__thumb/img/Neloa2LgkG91rBHQSuO8-feWeao=/fit-in/200x150/filters:strip_icc()/pic4033324.jpg","lastmodified":"2024-02-07 13:12:13","numplays":"0"},{"id":"317457","name":"Dinosaur World","image":"https://cf.geekdo-images.com/q-CvtJOYWZQDw1tuOdDd4Q__original/img/Eo6IIIYE_Ks1AkMS7garjfSXsh4=/0x0/filters:format(jpeg)/pic6020854.jpg","thumbnail":"https://cf.geekdo-images.com/q-CvtJOYWZQDw1tuOdDd4Q__thumb/img/JmOmFgjBhY0rc1ejk7z7Cw1o9Dw=/fit-in/200x150/filters:strip_icc()/pic6020854.jpg","lastmodified":"2024-02-07 13:11:00","numplays":"0"},{"id":"347524","name":"Dinosaur World: Add On Pack","image":"https://cf.geekdo-images.com/Y64c43vzrzx1Vyl0ekgKUA__original/img/k3BM2jH5N9t2k9FU052em3HuoDk=/0x0/filters:format(png)/pic6404315.png","thumbnail":"https://cf.geekdo-images.com/Y64c43vzrzx1Vyl0ekgKUA__thumb/img/tKldDD9IkNTZxedXujRgdb8s7uA=/fit-in/200x150/filters:strip_icc()/pic6404315.png","lastmodified":"2024-02-07 13:11:10","numplays":"0"},{"id":"321109","name":"Dinosaur World: Hybrid Pack","image":"https://cf.geekdo-images.com/XO1NsVzhX-Rot7qsrKOw7Q__original/img/kgM5DOMPH5BOq1xBZB5ku9oSqc0=/0x0/filters:format(png)/pic6276100.png","thumbnail":"https://cf.geekdo-images.com/XO1NsVzhX-Rot7qsrKOw7Q__thumb/img/0rYaQHjbrKRQsacXbYFl4-NVHa4=/fit-in/200x150/filters:strip_icc()/pic6276100.png","lastmodified":"2024-02-07 13:11:25","numplays":"0"},{"id":"322383","name":"Dinosaur World: Ice Age Pack","image":"https://cf.geekdo-images.com/XF7daeMEDkg3KNYH0duy0g__original/img/err2dG9pRh_OTfUuflaXDTg-ktw=/0x0/filters:format(png)/pic6276103.png","thumbnail":"https://cf.geekdo-images.com/XF7daeMEDkg3KNYH0duy0g__thumb/img/5EOvwZMwsj9QfaciyOftQcGLRhU=/fit-in/200x150/filters:strip_icc()/pic6276103.png","lastmodified":"2024-02-07 13:11:52","numplays":"0"},{"id":"321336","name":"Dinosaur World: Water Pack","image":"https://cf.geekdo-images.com/yeRPZjXf0Y5LQwp_GlAGHQ__original/img/wLsddVv02Sgw0b3D8a3Jg3WNiDI=/0x0/filters:format(png)/pic6276105.png","thumbnail":"https://cf.geekdo-images.com/yeRPZjXf0Y5LQwp_GlAGHQ__thumb/img/X9BQZncWhm_E60YrGMyNEbkvUXE=/fit-in/200x150/filters:strip_icc()/pic6276105.png","lastmodified":"2024-02-07 13:11:39","numplays":"0"},{"id":"5737","name":"Domaine","image":"https://cf.geekdo-images.com/9OCBvjQKVfNattSqBy4k1Q__original/img/Z4BHJ1OVovYSNeLgJvOkT1GYVJQ=/0x0/filters:format(jpeg)/pic21368.jpg","thumbnail":"https://cf.geekdo-images.com/9OCBvjQKVfNattSqBy4k1Q__thumb/img/jB1stUC9_7i5MwBhadEXIVTBbpw=/fit-in/200x150/filters:strip_icc()/pic21368.jpg","lastmodified":"2010-03-08 17:35:57","numplays":"0"},{"id":"9408","name":"Dos Rios","image":"https://cf.geekdo-images.com/h0DWk5AEnZmkuBytAlWY7Q__original/img/na67bhMW-L6OTKysRd8qC_LNkxk=/0x0/filters:format(jpeg)/pic224460.jpg","thumbnail":"https://cf.geekdo-images.com/h0DWk5AEnZmkuBytAlWY7Q__thumb/img/WS71DmI7uSSACeDQVFiE5G-RCOg=/fit-in/200x150/filters:strip_icc()/pic224460.jpg","lastmodified":"2011-07-21 20:52:01","numplays":"0"},{"id":"12995","name":"Dungeon Twister","image":"https://cf.geekdo-images.com/fngIoEZCqy8mAFmygDdbCg__original/img/xcOzaDbzYWlNL170jgV7EgWukjY=/0x0/filters:format(jpeg)/pic97630.jpg","thumbnail":"https://cf.geekdo-images.com/fngIoEZCqy8mAFmygDdbCg__thumb/img/OSC45vms69MYZKZZ2e04QT12icU=/fit-in/200x150/filters:strip_icc()/pic97630.jpg","lastmodified":"2010-03-08 17:36:06","numplays":"0"},{"id":"350184","name":"Earth","image":"https://cf.geekdo-images.com/0xqF_KyOb7V26Lu5YT3fxw__original/img/uqxMcj1QPt-U34drYdL6mmv2eos=/0x0/filters:format(jpeg)/pic6699821.jpg","thumbnail":"https://cf.geekdo-images.com/0xqF_KyOb7V26Lu5YT3fxw__thumb/img/ABTwzzMGekkz2jVl01LC4789TcQ=/fit-in/200x150/filters:strip_icc()/pic6699821.jpg","lastmodified":"2023-09-06 11:45:16","numplays":"0"},{"id":"10","name":"Elfenland","image":"https://cf.geekdo-images.com/Ea4jN5Ko5bPrXrU_AYhhzg__original/img/DEi0SFU6mAMZYycGTEJAV4ZBRVw=/0x0/filters:format(jpeg)/pic1798136.jpg","thumbnail":"https://cf.geekdo-images.com/Ea4jN5Ko5bPrXrU_AYhhzg__thumb/img/f4FrKXF0HKlPS2jH1AW4_-7Hek8=/fit-in/200x150/filters:strip_icc()/pic1798136.jpg","lastmodified":"2010-03-08 17:36:09","numplays":"0"},{"id":"1159","name":"Evo","image":"https://cf.geekdo-images.com/OlpxzxL2SVr4gQvCSaL4JQ__original/img/s7GCP5PYmzYL9uBmYWtc7qTZeOQ=/0x0/filters:format(jpeg)/pic1100790.jpg","thumbnail":"https://cf.geekdo-images.com/OlpxzxL2SVr4gQvCSaL4JQ__thumb/img/ircB1NYz1FoikJQ5GRzmmNMCX8g=/fit-in/200x150/filters:strip_icc()/pic1100790.jpg","lastmodified":"2010-03-08 17:36:11","numplays":"0"},{"id":"283797","name":"Exit: The Game – The Stormy Flight","image":"https://cf.geekdo-images.com/7kTyrflx3HjvkIHzkTCSkA__original/img/Eu2yqkrPS1oisjzAfMuajqoLBhE=/0x0/filters:format(jpeg)/pic5300129.jpg","thumbnail":"https://cf.geekdo-images.com/7kTyrflx3HjvkIHzkTCSkA__thumb/img/Ouy7YOo9Tu9UvDlXvDYH6gYz744=/fit-in/200x150/filters:strip_icc()/pic5300129.jpg","lastmodified":"2024-02-07 13:10:36","numplays":"0"},{"id":"7805","name":"Fearsome Floors","image":"https://cf.geekdo-images.com/GFIDR8JqZletddix8obk5A__original/img/zoVIfr9yOcpaVob1NhCur64dYBY=/0x0/filters:format(jpeg)/pic163508.jpg","thumbnail":"https://cf.geekdo-images.com/GFIDR8JqZletddix8obk5A__thumb/img/lfFTfqCvwl8i06H_r49ye_D3Pxo=/fit-in/200x150/filters:strip_icc()/pic163508.jpg","lastmodified":"2018-10-08 14:39:32","numplays":"0"},{"id":"15511","name":"Fjords","image":"https://cf.geekdo-images.com/8EH_Whf_i0zTEVVsakj7Bw__original/img/rkxhhuDWaHWA67vgsk7Mt0eLOLk=/0x0/filters:format(jpeg)/pic250459.jpg","thumbnail":"https://cf.geekdo-images.com/8EH_Whf_i0zTEVVsakj7Bw__thumb/img/nXw8aAtz4g2LaLtR8tT_lalCFmw=/fit-in/200x150/filters:strip_icc()/pic250459.jpg","lastmodified":"2010-03-08 17:53:14","numplays":"0"},{"id":"336986","name":"Flamecraft","image":"https://cf.geekdo-images.com/EvGtnsBDcfnKiqSiXHothQ__original/img/7yj8nA0ObuZ1w5AYCThEOK6meWA=/0x0/filters:format(jpeg)/pic6605448.jpg","thumbnail":"https://cf.geekdo-images.com/EvGtnsBDcfnKiqSiXHothQ__thumb/img/bQcyvzYRdMFFvcdQkFVnIRiCPjE=/fit-in/200x150/filters:strip_icc()/pic6605448.jpg","lastmodified":"2024-02-07 13:13:20","numplays":"0"},{"id":"258","name":"Fluxx","image":"https://cf.geekdo-images.com/ZBQHRlhd32wt4F_zgeic6w__original/img/6-0pkob0RUXgRyxGPJ2ZKyYObxw=/0x0/filters:format(jpeg)/pic2405641.jpg","thumbnail":"https://cf.geekdo-images.com/ZBQHRlhd32wt4F_zgeic6w__thumb/img/MjQ7iYoOXuU9AUrTojjYE8sdyTk=/fit-in/200x150/filters:strip_icc()/pic2405641.jpg","lastmodified":"2005-03-20 11:59:41","numplays":"0"},{"id":"175914","name":"Food Chain Magnate","image":"https://cf.geekdo-images.com/Wtxml94LAXsIWQCxGPS63Q__original/img/9c-MJB6x54vN5eB-1hT4XQaHtP8=/0x0/filters:format(png)/pic2649434.png","thumbnail":"https://cf.geekdo-images.com/Wtxml94LAXsIWQCxGPS63Q__thumb/img/LKU2KoMev222qUIKyNqaCF_ZLPY=/fit-in/200x150/filters:strip_icc()/pic2649434.png","lastmodified":"2024-02-07 13:17:58","numplays":"0"},{"id":"261526","name":"Food Chain Magnate: The Ketchup Mechanism & Other Ideas","image":"https://cf.geekdo-images.com/5D_bKoIGmYkyWDlhrXdkNQ__original/img/E8qg1LhFMa6WPpXMncsI7PFX28o=/0x0/filters:format(jpeg)/pic4545980.jpg","thumbnail":"https://cf.geekdo-images.com/5D_bKoIGmYkyWDlhrXdkNQ__thumb/img/wLK07N5hFoIuowkoq8M3etxb8_0=/fit-in/200x150/filters:strip_icc()/pic4545980.jpg","lastmodified":"2022-01-12 12:36:41","numplays":"0"},{"id":"334590","name":"For Northwood! A Solo Trick-Taking Game","image":"https://cf.geekdo-images.com/3MdUGB8YD_jGTDyfbAnX9Q__original/img/fk3OXO3thTH0fTJ-SYJAqav9BIk=/0x0/filters:format(png)/pic6763912.png","thumbnail":"https://cf.geekdo-images.com/3MdUGB8YD_jGTDyfbAnX9Q__thumb/img/c41bbBRd7BC3KKqLFdKb6URXzsA=/fit-in/200x150/filters:strip_icc()/pic6763912.png","lastmodified":"2024-09-24 15:05:34","numplays":"0"},{"id":"172","name":"For Sale","image":"https://cf.geekdo-images.com/dJh9HkZC346NgPTAicJq_A__original/img/6ib2NLakSlsf69WYwCOe9NNLcsc=/0x0/filters:format(jpeg)/pic1513085.jpg","thumbnail":"https://cf.geekdo-images.com/dJh9HkZC346NgPTAicJq_A__thumb/img/3cgW5aP-JJeKSpZMjA0NFheMnfY=/fit-in/200x150/filters:strip_icc()/pic1513085.jpg","lastmodified":"2024-02-07 13:15:39","numplays":"0"},{"id":"65244","name":"Forbidden Island","image":"https://cf.geekdo-images.com/JgAkEBUaiHOsOS94iRMs2w__original/img/H5d4I5z_HSpPEu7EAl0DqLt9_pM=/0x0/filters:format(jpeg)/pic646458.jpg","thumbnail":"https://cf.geekdo-images.com/JgAkEBUaiHOsOS94iRMs2w__thumb/img/5aPR8-KMbgucI_XkPE2PJaMQQsg=/fit-in/200x150/filters:strip_icc()/pic646458.jpg","lastmodified":"2022-01-12 12:26:30","numplays":"0"},{"id":"302723","name":"Forgotten Waters","image":"https://cf.geekdo-images.com/gLnzfyJio2MYbG9J-uQSiQ__original/img/WIqdfw845duHlpr9d5QvzPuHpGI=/0x0/filters:format(jpeg)/pic5253984.jpg","thumbnail":"https://cf.geekdo-images.com/gLnzfyJio2MYbG9J-uQSiQ__thumb/img/Th5Wf0ynMEA14i06HUSqzz-8g24=/fit-in/200x150/filters:strip_icc()/pic5253984.jpg","lastmodified":"2024-02-07 13:10:13","numplays":"0"},{"id":"6539","name":"Formula Dé Mini","image":"https://cf.geekdo-images.com/c6ErTW6FmknyyRkZgaBICg__original/img/aVEKc07hS9WEAKItVaOOZ1Djs6I=/0x0/filters:format(jpeg)/pic30278.jpg","thumbnail":"https://cf.geekdo-images.com/c6ErTW6FmknyyRkZgaBICg__thumb/img/EWMX6_vtp1FrAe-Jz-oU1N59tZY=/fit-in/200x150/filters:strip_icc()/pic30278.jpg","lastmodified":"2010-03-08 17:36:25","numplays":"0"},{"id":"214032","name":"Founders of Gloomhaven","image":"https://cf.geekdo-images.com/0B9ncaeeRvzZFr2kDbNELA__original/img/FvuyfD8c0g4pmJzFaZ1zq9_Tt0Y=/0x0/filters:format(jpeg)/pic3268237.jpg","thumbnail":"https://cf.geekdo-images.com/0B9ncaeeRvzZFr2kDbNELA__thumb/img/yuymJ4QYuWSPlFWVuy7yUNC3v2Q=/fit-in/200x150/filters:strip_icc()/pic3268237.jpg","lastmodified":"2023-01-15 13:17:26","numplays":"0"},{"id":"1017","name":"Fresh Fish","image":"https://cf.geekdo-images.com/PSrv-V69IZxxHgTHnT0Dzg__original/img/kQhQBQhIvdn1oG1N7fCIGavZqSM=/0x0/filters:format(jpeg)/pic21808.jpg","thumbnail":"https://cf.geekdo-images.com/PSrv-V69IZxxHgTHnT0Dzg__thumb/img/8423jSKfFmYbUkoTEdRFLMQnKYM=/fit-in/200x150/filters:strip_icc()/pic21808.jpg","lastmodified":"2010-03-08 17:36:30","numplays":"0"},{"id":"20963","name":"Fury of Dracula (Second Edition)","image":"https://cf.geekdo-images.com/IPdbwjsYJgokVAjYUa1aWg__original/img/lkI0oUKnUil_VHxQOFtaQQNmcPE=/0x0/filters:format(jpeg)/pic1586916.jpg","thumbnail":"https://cf.geekdo-images.com/IPdbwjsYJgokVAjYUa1aWg__thumb/img/IFs-IOi9pkODntXfiXuenUj3NeQ=/fit-in/200x150/filters:strip_icc()/pic1586916.jpg","lastmodified":"2010-09-10 12:40:27","numplays":"0"},{"id":"220308","name":"Gaia Project","image":"https://cf.geekdo-images.com/hGWFm3hbMlCDsfCsauOQ4g__original/img/tjlflQtUPFiTpLpwk1NCVCS29Ic=/0x0/filters:format(png)/pic5375625.png","thumbnail":"https://cf.geekdo-images.com/hGWFm3hbMlCDsfCsauOQ4g__thumb/img/NNG7Ijyx4evp5gcVReis9i0koas=/fit-in/200x150/filters:strip_icc()/pic5375625.png","lastmodified":"2024-08-06 17:46:19","numplays":"0"},{"id":"125153","name":"The Gallerist","image":"https://cf.geekdo-images.com/ie1GSt1XV04sXQXt-3O1UQ__original/img/59dZRZePEgtcupkRSA2zohZuHpM=/0x0/filters:format(png)/pic2503200.png","thumbnail":"https://cf.geekdo-images.com/ie1GSt1XV04sXQXt-3O1UQ__thumb/img/O0H84AvXp139U865gRLGiAo9-gA=/fit-in/200x150/filters:strip_icc()/pic2503200.png","lastmodified":"2023-09-06 11:41:18","numplays":"0"},{"id":"527","name":"GIPF","image":"https://cf.geekdo-images.com/ZqhrkY3lhZ1ecQqaUovLHw__original/img/4JAfZ5lOMoQzwSaIL3dw-_Bt4rQ=/0x0/filters:format(png)/pic2844819.png","thumbnail":"https://cf.geekdo-images.com/ZqhrkY3lhZ1ecQqaUovLHw__thumb/img/pdGCkH9cEjvZLbvR2wgooQihTGY=/fit-in/200x150/filters:strip_icc()/pic2844819.png","lastmodified":"2010-03-08 17:36:35","numplays":"0"},{"id":"174430","name":"Gloomhaven","image":"https://cf.geekdo-images.com/sZYp_3BTDGjh2unaZfZmuA__original/img/7d-lj5Gd1e8PFnD97LYFah2c45M=/0x0/filters:format(jpeg)/pic2437871.jpg","thumbnail":"https://cf.geekdo-images.com/sZYp_3BTDGjh2unaZfZmuA__thumb/img/veqFeP4d_3zNhFc3GNBkV95rBEQ=/fit-in/200x150/filters:strip_icc()/pic2437871.jpg","lastmodified":"2024-02-07 13:15:49","numplays":"0"},{"id":"250337","name":"Gloomhaven: Forgotten Circles","image":"https://cf.geekdo-images.com/qV0P8aviaET-qIIUCZnvmA__original/img/kYnNMdUTH-2S11GWm2mhulVpUDg=/0x0/filters:format(jpeg)/pic4066738.jpg","thumbnail":"https://cf.geekdo-images.com/qV0P8aviaET-qIIUCZnvmA__thumb/img/4t-2yn7uxNre3ZiRNHP4UTjIlsk=/fit-in/200x150/filters:strip_icc()/pic4066738.jpg","lastmodified":"2022-01-12 12:37:57","numplays":"0"},{"id":"188","name":"Go","image":"https://cf.geekdo-images.com/6qAiZwWxSSKP2kFcA80cZg__original/img/oClfNpLGqRwyqeq54Na_VoVAA3o=/0x0/filters:format(jpeg)/pic1728832.jpg","thumbnail":"https://cf.geekdo-images.com/6qAiZwWxSSKP2kFcA80cZg__thumb/img/COT5I3D_0dKWrSRHChb-SnQl3Zc=/fit-in/200x150/filters:strip_icc()/pic1728832.jpg","lastmodified":"2005-03-20 11:57:03","numplays":"0"},{"id":"9216","name":"Goa: A New Expedition","image":"https://cf.geekdo-images.com/9sbSKcc-Fm8Od5wwuf3kgg__original/img/kNoFZrbwsvMvs_iKWeKBHYLka5Y=/0x0/filters:format(jpeg)/pic1215969.jpg","thumbnail":"https://cf.geekdo-images.com/9sbSKcc-Fm8Od5wwuf3kgg__thumb/img/pb63LQr94bzh4Z6ofLNJoijRlxU=/fit-in/200x150/filters:strip_icc()/pic1215969.jpg","lastmodified":"2011-11-08 11:33:54","numplays":"0"},{"id":"182874","name":"Grand Austria Hotel","image":"https://cf.geekdo-images.com/GlCmHjdLwv3SqSjv52ToGw__original/img/5vNCdK9mQ0szo_SwSeVQUWnirZ8=/0x0/filters:format(jpeg)/pic6966955.jpg","thumbnail":"https://cf.geekdo-images.com/GlCmHjdLwv3SqSjv52ToGw__thumb/img/WXzXZh50EGKd1U2fg75fCbFIL_8=/fit-in/200x150/filters:strip_icc()/pic6966955.jpg","lastmodified":"2023-09-06 11:41:27","numplays":"0"},{"id":"93","name":"El Grande","image":"https://cf.geekdo-images.com/RRKDHaYtFPHhczkUDcHOmg__original/img/E_QazS4f8ffj6oBcUl3C_VROCEw=/0x0/filters:format(jpeg)/pic7906240.jpg","thumbnail":"https://cf.geekdo-images.com/RRKDHaYtFPHhczkUDcHOmg__thumb/img/XPcVtsZPITv5qe3IXpzMKa5RSYA=/fit-in/200x150/filters:strip_icc()/pic7906240.jpg","lastmodified":"2010-03-08 17:36:39","numplays":"0"},{"id":"583","name":"The El Grande Expansions","image":"https://cf.geekdo-images.com/sTr2jZZhus07Ten7datZNQ__original/img/WTN-OV9rhQlB3JWTUP1YAC6JU00=/0x0/filters:format(jpeg)/pic63290.jpg","thumbnail":"https://cf.geekdo-images.com/sTr2jZZhus07Ten7datZNQ__thumb/img/nhfXyp_V4U89iQHYV5Xf2z-ZDsU=/fit-in/200x150/filters:strip_icc()/pic63290.jpg","lastmodified":"2010-03-08 17:36:42","numplays":"0"},{"id":"116","name":"Guillotine","image":"https://cf.geekdo-images.com/9gdaUHNTcgv8RhFhG0kzBw__original/img/uJQubpcCxCE4G1pmM8akyrLAVRY=/0x0/filters:format(jpeg)/pic143139.jpg","thumbnail":"https://cf.geekdo-images.com/9gdaUHNTcgv8RhFhG0kzBw__thumb/img/9KfEtRGEfW5Q7Mv_0JbyKQ-oox0=/fit-in/200x150/filters:strip_icc()/pic143139.jpg","lastmodified":"2024-02-07 13:18:24","numplays":"0"},{"id":"19100","name":"Hacienda","image":"https://cf.geekdo-images.com/rUqnRtf5-gBw4JShxnO-JQ__original/img/jsnpKNUP6nCVuUHiyKDX2koCsgk=/0x0/filters:format(jpeg)/pic121746.jpg","thumbnail":"https://cf.geekdo-images.com/rUqnRtf5-gBw4JShxnO-JQ__thumb/img/VYd2G2yYvmEgDcggjKpEpioxs74=/fit-in/200x150/filters:strip_icc()/pic121746.jpg","lastmodified":"2010-03-08 17:36:45","numplays":"0"},{"id":"903","name":"Hamster Roll","image":"https://cf.geekdo-images.com/-3dOkXfvk0fJ829LZATenQ__original/img/YCT_UBg6g8kIHT9KUDithndJdz8=/0x0/filters:format(png)/pic7961723.png","thumbnail":"https://cf.geekdo-images.com/-3dOkXfvk0fJ829LZATenQ__thumb/img/1GsrSMUtbXL4eUC-a7UAGZxVfVU=/fit-in/200x150/filters:strip_icc()/pic7961723.png","lastmodified":"2010-03-08 17:36:47","numplays":"0"},{"id":"8989","name":"Hansa","image":"https://cf.geekdo-images.com/aQYc-5PfyknVcU-j80KBhQ__original/img/RMA2bZ0WfYf3cWEICJfsKE4mVlU=/0x0/filters:format(jpeg)/pic311302.jpg","thumbnail":"https://cf.geekdo-images.com/aQYc-5PfyknVcU-j80KBhQ__thumb/img/rY2jz1E-dw_2YioMANlEAy7DnXc=/fit-in/200x150/filters:strip_icc()/pic311302.jpg","lastmodified":"2022-01-17 15:23:46","numplays":"0"},{"id":"35677","name":"Le Havre","image":"https://cf.geekdo-images.com/y7Rqd3S6J7vyVhicR1bqTQ__original/img/tQFXv1w2R-J-1cjyaKG9LAS2UOs=/0x0/filters:format(jpeg)/pic6091101.jpg","thumbnail":"https://cf.geekdo-images.com/y7Rqd3S6J7vyVhicR1bqTQ__thumb/img/w1iHoYZCVTDZI6gsPuxOScA7FqU=/fit-in/200x150/filters:strip_icc()/pic6091101.jpg","lastmodified":"2012-01-17 17:20:25","numplays":"0"},{"id":"321608","name":"Hegemony: Lead Your Class to Victory","image":"https://cf.geekdo-images.com/DCLgJlrvB-EqL6A3WgQLMQ__original/img/vGpYcxjDBCOVcI0BcWOevspTQMQ=/0x0/filters:format(jpeg)/pic5715770.jpg","thumbnail":"https://cf.geekdo-images.com/DCLgJlrvB-EqL6A3WgQLMQ__thumb/img/9yp6ANJx6cqdQqQ6hkNr3zA88vw=/fit-in/200x150/filters:strip_icc()/pic5715770.jpg","lastmodified":"2024-02-07 13:12:29","numplays":"0"},{"id":"638","name":"Hera and Zeus","image":"https://cf.geekdo-images.com/YnsbGY6oC0Tgysa2PBBZNg__original/img/kf1n3utamZUp4zs0FaTXp94EU-4=/0x0/filters:format(jpeg)/pic63285.jpg","thumbnail":"https://cf.geekdo-images.com/YnsbGY6oC0Tgysa2PBBZNg__thumb/img/2d-AZR1YHDmukw5kriDa7BJXT0Y=/fit-in/200x150/filters:strip_icc()/pic63285.jpg","lastmodified":"2005-03-20 12:00:25","numplays":"0"},{"id":"28","name":"Illuminati","image":"https://cf.geekdo-images.com/ea8y04WKGgdQkFy1Pbw9tA__original/img/F_xGJIZyrFTkGwRRhV4wk8uVbh4=/0x0/filters:format(jpeg)/pic1320091.jpg","thumbnail":"https://cf.geekdo-images.com/ea8y04WKGgdQkFy1Pbw9tA__thumb/img/eph2ZknTAhhs-A8ij76DJbhzjrs=/fit-in/200x150/filters:strip_icc()/pic1320091.jpg","lastmodified":"2010-03-08 17:37:03","numplays":"0"},{"id":"22049","name":"Illuminati: Bavarian Fire Drill","image":"https://cf.geekdo-images.com/am3dRR5NYPIaeo2vsfcowQ__original/img/1xI46J2-qxTZF13Vxvn6L1TO34c=/0x0/filters:format(jpeg)/pic208109.jpg","thumbnail":"https://cf.geekdo-images.com/am3dRR5NYPIaeo2vsfcowQ__thumb/img/UG_IgsPcdzGk-C7Z-q9AikT5IyM=/fit-in/200x150/filters:strip_icc()/pic208109.jpg","lastmodified":"2010-03-08 17:37:05","numplays":"0"},{"id":"8160","name":"Illuminati: Crime Lords","image":"https://cf.geekdo-images.com/B2Vndn5_GqkTkvy25RyBAQ__original/img/y9pC9DZO8upKD3C9Ew13JyfAElI=/0x0/filters:format(jpeg)/pic45153.jpg","thumbnail":"https://cf.geekdo-images.com/B2Vndn5_GqkTkvy25RyBAQ__thumb/img/APlE4Cb48Y5lPotH2bh6d_avB5o=/fit-in/200x150/filters:strip_icc()/pic45153.jpg","lastmodified":"2010-03-08 17:37:07","numplays":"0"},{"id":"13780","name":"In the Shadow of the Emperor","image":"https://cf.geekdo-images.com/EPn4vnAgjIOOi-_a7vkb6A__original/img/HEq1T-tjySJhkN2acW19TuhGFzo=/0x0/filters:format(jpeg)/pic7244178.jpg","thumbnail":"https://cf.geekdo-images.com/EPn4vnAgjIOOi-_a7vkb6A__thumb/img/D3VqwPd2pQijGr21JbSyhUyzqMI=/fit-in/200x150/filters:strip_icc()/pic7244178.jpg","lastmodified":"2010-03-08 17:37:09","numplays":"0"},{"id":"15512","name":"Incan Gold","image":"https://cf.geekdo-images.com/xPuQ_NYaoKWEUhugIDA3yA__original/img/kPOT6llwnZBDjeRq8LopasPm1Go=/0x0/filters:format(jpeg)/pic8279658.jpg","thumbnail":"https://cf.geekdo-images.com/xPuQ_NYaoKWEUhugIDA3yA__thumb/img/osrBmn2JqDeBylg8bvqaVOCVGTI=/fit-in/200x150/filters:strip_icc()/pic8279658.jpg","lastmodified":"2022-01-12 12:27:57","numplays":"0"},{"id":"233678","name":"Indian Summer","image":"https://cf.geekdo-images.com/bloH9_cfn7U0ZxilTblA9w__original/img/IjHukKO5WsikTedbIT5aQw4Q8wk=/0x0/filters:format(jpeg)/pic3749870.jpg","thumbnail":"https://cf.geekdo-images.com/bloH9_cfn7U0ZxilTblA9w__thumb/img/8L96NRWJxXeFgtYSivzGYPtMlNU=/fit-in/200x150/filters:strip_icc()/pic3749870.jpg","lastmodified":"2022-01-17 15:24:07","numplays":"0"},{"id":"2476","name":"Industrial Waste","image":"https://cf.geekdo-images.com/guCc6SWoNZ-tJidpv6WQrg__original/img/WDAqVnYJEUpqQfSADG8e8d30xFM=/0x0/filters:format(jpeg)/pic201576.jpg","thumbnail":"https://cf.geekdo-images.com/guCc6SWoNZ-tJidpv6WQrg__thumb/img/p0FaY8CcK_oEN-7rf0TEY-8u-2E=/fit-in/200x150/filters:strip_icc()/pic201576.jpg","lastmodified":"2011-12-02 14:21:19","numplays":"0"},{"id":"9674","name":"Ingenious","image":"https://cf.geekdo-images.com/_qEEUfI9DxtfVxYCerAvsQ__original/img/2s1PbJDhGgIHkdF_-_S3dmcTW_8=/0x0/filters:format(jpeg)/pic7633115.jpg","thumbnail":"https://cf.geekdo-images.com/_qEEUfI9DxtfVxYCerAvsQ__thumb/img/03ERw7OIGzvbuGKm3L5fWO1bqFQ=/fit-in/200x150/filters:strip_icc()/pic7633115.jpg","lastmodified":"2010-03-08 17:37:13","numplays":"0"},{"id":"63888","name":"Innovation","image":"https://cf.geekdo-images.com/YBE-vyyYRANWO2NXSQQghg__original/img/-Ec777H5hg1pmx6kQ0PI2A9Iroc=/0x0/filters:format(png)/pic2966859.png","thumbnail":"https://cf.geekdo-images.com/YBE-vyyYRANWO2NXSQQghg__thumb/img/GmRDNEKangi2w4daNGHCQiH5h_I=/fit-in/200x150/filters:strip_icc()/pic2966859.png","lastmodified":"2024-02-07 13:18:38","numplays":"0"},{"id":"150669","name":"Innovation: Cities of Destiny","image":"https://cf.geekdo-images.com/iXfgz17sknYySBuQ5qL8XA__original/img/ZoBjM4jW0RuKsyhnc7iJSRkaLGk=/0x0/filters:format(jpeg)/pic3912058.jpg","thumbnail":"https://cf.geekdo-images.com/iXfgz17sknYySBuQ5qL8XA__thumb/img/Q3NHkXdhFHyfug2I21viKdOO5Zk=/fit-in/200x150/filters:strip_icc()/pic3912058.jpg","lastmodified":"2022-01-12 12:28:42","numplays":"0"},{"id":"92898","name":"Innovation: Echoes of the Past","image":"https://cf.geekdo-images.com/PZ8zW_w03U5sBhGcnNKHIw__original/img/XcMP9XUyg8y9theJCZkdlpkcBuY=/0x0/filters:format(jpeg)/pic3910611.jpg","thumbnail":"https://cf.geekdo-images.com/PZ8zW_w03U5sBhGcnNKHIw__thumb/img/8UMNVv6pr3KE-kmJ5Eso7jROx9k=/fit-in/200x150/filters:strip_icc()/pic3910611.jpg","lastmodified":"2022-01-12 12:28:30","numplays":"0"},{"id":"122323","name":"Innovation: Figures in the Sand","image":"https://cf.geekdo-images.com/itYfk5CYuc1X9Wq0jv8MGQ__original/img/PnyG7vWLHbgO57X6FEqMGuP1SpI=/0x0/filters:format(jpeg)/pic3910616.jpg","thumbnail":"https://cf.geekdo-images.com/itYfk5CYuc1X9Wq0jv8MGQ__thumb/img/Nac9Hy2HigETah3A_M8AC2n7ODU=/fit-in/200x150/filters:strip_icc()/pic3910616.jpg","lastmodified":"2022-01-12 12:29:11","numplays":"0"},{"id":"176494","name":"Isle of Skye: From Chieftain to King","image":"https://cf.geekdo-images.com/GCxsnITFBO1pNXiBYkq_qA__original/img/8uoTbz4B_M1GbT4N3vGN-bhZF2Q=/0x0/filters:format(jpeg)/pic2524838.jpg","thumbnail":"https://cf.geekdo-images.com/GCxsnITFBO1pNXiBYkq_qA__thumb/img/0BJUretj0lJj09f2JjDGrQzmakI=/fit-in/200x150/filters:strip_icc()/pic2524838.jpg","lastmodified":"2024-02-07 13:18:47","numplays":"0"},{"id":"254640","name":"Just One","image":"https://cf.geekdo-images.com/qKcKjHpzAvLddwBhyindag__original/img/NPUrOSJ5NEC7aPkoEXnTHJ7vICU=/0x0/filters:format(jpeg)/pic4268499.jpg","thumbnail":"https://cf.geekdo-images.com/qKcKjHpzAvLddwBhyindag__thumb/img/HhZu2qLp9wyX9PNgvmDE8_hCl-0=/fit-in/200x150/filters:strip_icc()/pic4268499.jpg","lastmodified":"2024-02-07 13:13:11","numplays":"0"},{"id":"29839","name":"Key Harvest","image":"https://cf.geekdo-images.com/Z0XUOK08tRPSL9t6AypO2w__original/img/WZJ-BnYBnbQ-05mKnPD8tFiOSDE=/0x0/filters:format(jpeg)/pic217481.jpg","thumbnail":"https://cf.geekdo-images.com/Z0XUOK08tRPSL9t6AypO2w__thumb/img/FSjEPxttSY8rvIxQzj6Th8cwrfM=/fit-in/200x150/filters:strip_icc()/pic217481.jpg","lastmodified":"2024-02-07 13:18:55","numplays":"0"},{"id":"78733","name":"Key Market","image":"https://cf.geekdo-images.com/RYr-cYrUa091ptMpw6Xa7g__original/img/B28LbN0Mwn7czdAIm0h2h6dZ5Wk=/0x0/filters:format(jpeg)/pic779996.jpg","thumbnail":"https://cf.geekdo-images.com/RYr-cYrUa091ptMpw6Xa7g__thumb/img/EwamF0ncO2jZWeCNiCc9fUiA2v4=/fit-in/200x150/filters:strip_icc()/pic779996.jpg","lastmodified":"2010-12-22 20:20:29","numplays":"0"},{"id":"212516","name":"Keyper","image":"https://cf.geekdo-images.com/oCUaeYsSQ8S9F55Ft4P0HQ__original/img/_ZYAiHVrtT8V0h7kzSkLgt2t-M8=/0x0/filters:format(jpeg)/pic3690708.jpg","thumbnail":"https://cf.geekdo-images.com/oCUaeYsSQ8S9F55Ft4P0HQ__thumb/img/QjeQLseJRhzJVQoXQK_cedejAlc=/fit-in/200x150/filters:strip_icc()/pic3690708.jpg","lastmodified":"2023-01-15 13:22:54","numplays":"0"},{"id":"4099","name":"Keythedral","image":"https://cf.geekdo-images.com/iQbEVmvovOvL8OEgNcpW1g__original/img/DTvsD7CGrKNp-_kujudd1t3Q5Kg=/0x0/filters:format(jpeg)/pic561488.jpg","thumbnail":"https://cf.geekdo-images.com/iQbEVmvovOvL8OEgNcpW1g__thumb/img/dfTDdv7nd86VgRd-Y_iCuyqbdz8=/fit-in/200x150/filters:strip_icc()/pic561488.jpg","lastmodified":"2010-03-08 17:37:17","numplays":"0"},{"id":"257","name":"Kill Doctor Lucky","image":"https://cf.geekdo-images.com/HzSvdAtAiktVmdTfDEIayA__original/img/hdvDZLMGdx5EDOQFlKj8GcZkTp8=/0x0/filters:format(jpeg)/pic2923257.jpg","thumbnail":"https://cf.geekdo-images.com/HzSvdAtAiktVmdTfDEIayA__thumb/img/fIMPwA6ZEVr9bSf7QFrsezXjafg=/fit-in/200x150/filters:strip_icc()/pic2923257.jpg","lastmodified":"2010-03-08 17:37:25","numplays":"0"},{"id":"204583","name":"Kingdomino","image":"https://cf.geekdo-images.com/c0m3gwZTcfKoLI63ASio8g__original/img/HT6NQPT0cSFcZXjSewtjTO_NBAE=/0x0/filters:format(png)/pic8443569.png","thumbnail":"https://cf.geekdo-images.com/c0m3gwZTcfKoLI63ASio8g__thumb/img/4p4Xydg0tze9UFcd6oUbCnVyxCw=/fit-in/200x150/filters:strip_icc()/pic8443569.png","lastmodified":"2023-01-15 13:26:04","numplays":"0"},{"id":"356033","name":"Libertalia: Winds of Galecrest","image":"https://cf.geekdo-images.com/6e-V_Xb2IsAsMNXU18Fi6A__original/img/gLDo-RR_9RvU_Hrs9DnHWy_TWpk=/0x0/filters:format(jpeg)/pic6669033.jpg","thumbnail":"https://cf.geekdo-images.com/6e-V_Xb2IsAsMNXU18Fi6A__thumb/img/KJIHXXkkIU7R-oK5i9byIyGdfm4=/fit-in/200x150/filters:strip_icc()/pic6669033.jpg","lastmodified":"2024-06-17 13:43:59","numplays":"0"},{"id":"316412","name":"The LOOP","image":"https://cf.geekdo-images.com/NPWdxDD5uLOBLBDdVgdLvA__original/img/zlx0Qqcgt0TLu62F5sKUmYTDNvc=/0x0/filters:format(png)/pic6034093.png","thumbnail":"https://cf.geekdo-images.com/NPWdxDD5uLOBLBDdVgdLvA__thumb/img/7464PJPFWWPzsOUMvf8t860zct0=/fit-in/200x150/filters:strip_icc()/pic6034093.png","lastmodified":"2023-01-16 14:10:13","numplays":"0"},{"id":"50","name":"Lost Cities","image":"https://cf.geekdo-images.com/AL5D-dXabY-Lk3PqIFk_0g__original/img/PdGBQ7xc0GA9ndKnnInx_sQwvl4=/0x0/filters:format(jpeg)/pic4597095.jpg","thumbnail":"https://cf.geekdo-images.com/AL5D-dXabY-Lk3PqIFk_0g__thumb/img/Q-76aN92M3OveMp26t7b0i7V-i4=/fit-in/200x150/filters:strip_icc()/pic4597095.jpg","lastmodified":"2022-01-12 12:29:28","numplays":"0"},{"id":"312484","name":"Lost Ruins of Arnak","image":"https://cf.geekdo-images.com/6GqH14TJJhza86BX5HCLEQ__original/img/CXqwimJPonWy1oyXEMgPN_ZVmUI=/0x0/filters:format(jpeg)/pic5674958.jpg","thumbnail":"https://cf.geekdo-images.com/6GqH14TJJhza86BX5HCLEQ__thumb/img/J8SVmGOJXZGxNjkT3xYNQU7Haxg=/fit-in/200x150/filters:strip_icc()/pic5674958.jpg","lastmodified":"2023-09-06 11:40:44","numplays":"0"},{"id":"341254","name":"Lost Ruins of Arnak: Expedition Leaders","image":"https://cf.geekdo-images.com/U4aoXbKATU7YbA8bAT73FQ__original/img/TKJnD49aci6Soc214_MTUe1iNmg=/0x0/filters:format(png)/pic6253876.png","thumbnail":"https://cf.geekdo-images.com/U4aoXbKATU7YbA8bAT73FQ__thumb/img/g0aac2-OQvMbEPXv1vIvSumPmkA=/fit-in/200x150/filters:strip_icc()/pic6253876.png","lastmodified":"2023-01-15 13:23:39","numplays":"0"},{"id":"13642","name":"Louis XIV","image":"https://cf.geekdo-images.com/TsxO4Iggn_kKRMBlR14gJg__original/img/y74HCBcfAABuZUy6kFc9PbFq1HM=/0x0/filters:format(jpeg)/pic63296.jpg","thumbnail":"https://cf.geekdo-images.com/TsxO4Iggn_kKRMBlR14gJg__thumb/img/fqur7wJo01qzNKMPAbd2yYHO0pY=/fit-in/200x150/filters:strip_icc()/pic63296.jpg","lastmodified":"2010-03-08 17:37:30","numplays":"0"},{"id":"257056","name":"Lovelace & Babbage","image":"https://cf.geekdo-images.com/eF-f7jbnDuGmD6T-vAJE8Q__original/img/2DACvCQVcXlvb6FCuu4gxxvxxdg=/0x0/filters:format(jpeg)/pic4343748.jpg","thumbnail":"https://cf.geekdo-images.com/eF-f7jbnDuGmD6T-vAJE8Q__thumb/img/Xa9DWK1gmMBD3ILMnw0k9aUYYGM=/fit-in/200x150/filters:strip_icc()/pic4343748.jpg","lastmodified":"2022-01-12 12:31:52","numplays":"0"},{"id":"1","name":"Die Macher","image":"https://cf.geekdo-images.com/rpwCZAjYLD940NWwP3SRoA__original/img/yR0aoBVKNrAmmCuBeSzQnMflLYg=/0x0/filters:format(jpeg)/pic4718279.jpg","thumbnail":"https://cf.geekdo-images.com/rpwCZAjYLD940NWwP3SRoA__thumb/img/YT6svCVsWqLrDitcMEtyazVktbQ=/fit-in/200x150/filters:strip_icc()/pic4718279.jpg","lastmodified":"2012-01-17 17:21:27","numplays":"0"},{"id":"15817","name":"Manila","image":"https://cf.geekdo-images.com/dU0cm4_NP8QiQqiXP9Jclw__original/img/WxzkPQdX41PI-Lz-94wPL1ZrEQk=/0x0/filters:format(jpeg)/pic902372.jpg","thumbnail":"https://cf.geekdo-images.com/dU0cm4_NP8QiQqiXP9Jclw__thumb/img/fgRQKglhHBKsRP-nUi0EE-iuxvM=/fit-in/200x150/filters:strip_icc()/pic902372.jpg","lastmodified":"2010-03-08 17:18:53","numplays":"0"},{"id":"255823","name":"Mansions of Madness: Second Edition – Horrific Journeys: Expansion","image":"https://cf.geekdo-images.com/hNnUKtD33BHttK0Ec52gqA__original/img/PMY7_nfCYpa2QpSiFNB2Ot3CGms=/0x0/filters:format(jpeg)/pic4269709.jpg","thumbnail":"https://cf.geekdo-images.com/hNnUKtD33BHttK0Ec52gqA__thumb/img/e9QAiXTkEBJuNjboxeYs_Ys1hjY=/fit-in/200x150/filters:strip_icc()/pic4269709.jpg","lastmodified":"2024-02-07 13:12:47","numplays":"0"},{"id":"276025","name":"Maracaibo","image":"https://cf.geekdo-images.com/rMNa0k05zMdKgSEp26Q3Tw__original/img/yhnCcq9UplffqjSCe08mjTFvgOM=/0x0/filters:format(jpeg)/pic4917407.jpg","thumbnail":"https://cf.geekdo-images.com/rMNa0k05zMdKgSEp26Q3Tw__thumb/img/lVlnhYyxlZb3WuKZJHLoJcFHEjs=/fit-in/200x150/filters:strip_icc()/pic4917407.jpg","lastmodified":"2024-05-20 19:47:31","numplays":"0"},{"id":"297978","name":"Mariposas","image":"https://cf.geekdo-images.com/UHTHsuI998L89uSTXS3hxg__original/img/OMzfKuv9bpTVIT5KBZcnMfm3Jmg=/0x0/filters:format(jpeg)/pic5153415.jpg","thumbnail":"https://cf.geekdo-images.com/UHTHsuI998L89uSTXS3hxg__thumb/img/ruD8L6-y9vFuuvYd1eABXJPnsXk=/fit-in/200x150/filters:strip_icc()/pic5153415.jpg","lastmodified":"2023-01-15 13:32:40","numplays":"0"},{"id":"531","name":"Merchants of Amsterdam","image":"https://cf.geekdo-images.com/6-Gt5b4KHTfdVWqPhQCeaw__original/img/adj9x4tv6hzBVYGB6YOyLva1flQ=/0x0/filters:format(jpeg)/pic153968.jpg","thumbnail":"https://cf.geekdo-images.com/6-Gt5b4KHTfdVWqPhQCeaw__thumb/img/2c3QxjsDbVlgOsaES-K2gu2ftPU=/fit-in/200x150/filters:strip_icc()/pic153968.jpg","lastmodified":"2010-03-08 17:37:37","numplays":"0"},{"id":"25568","name":"Metropolys","image":"https://cf.geekdo-images.com/nDR7wvOFkjReg5RGtIGpng__original/img/PZNFoTk0A7D7HMN41Ej8B_CE2ag=/0x0/filters:format(jpeg)/pic297075.jpg","thumbnail":"https://cf.geekdo-images.com/nDR7wvOFkjReg5RGtIGpng__thumb/img/IQF7J0ktj0AN80yv70HH248Kiuo=/fit-in/200x150/filters:strip_icc()/pic297075.jpg","lastmodified":"2010-03-08 17:07:35","numplays":"0"},{"id":"902","name":"Meuterer","image":"https://cf.geekdo-images.com/Ca8jE5MAPHdEr4N0FgCcFg__original/img/JE5G-U_DknmjvDRwLY193UCystE=/0x0/filters:format(jpeg)/pic135137.jpg","thumbnail":"https://cf.geekdo-images.com/Ca8jE5MAPHdEr4N0FgCcFg__thumb/img/hz2JFiXGdei5jk5-8XE8dwawx0Y=/fit-in/200x150/filters:strip_icc()/pic135137.jpg","lastmodified":"2010-03-08 17:53:21","numplays":"0"},{"id":"118","name":"Modern Art","image":"https://cf.geekdo-images.com/wLto-xaabHwKQe_Bc4iD1Q__original/img/s3Gai8XBTVfWFFlYpL4XF3kIlWU=/0x0/filters:format(png)/pic3458036.png","thumbnail":"https://cf.geekdo-images.com/wLto-xaabHwKQe_Bc4iD1Q__thumb/img/AUqMholGVlwXLjMcxwiziE_7Ffw=/fit-in/200x150/filters:strip_icc()/pic3458036.png","lastmodified":"2012-09-26 15:30:23","numplays":"1"},{"id":"91523","name":"Mondo","image":"https://cf.geekdo-images.com/DZiHZK3RAcM_kgfwJ8qPgg__original/img/-5dMxJCk88P3StBpQvBxK7CDSAA=/0x0/filters:format(jpeg)/pic1458279.jpg","thumbnail":"https://cf.geekdo-images.com/DZiHZK3RAcM_kgfwJ8qPgg__thumb/img/39LIPWGEDRG5ZQPNFG-3c2tPRvg=/fit-in/200x150/filters:strip_icc()/pic1458279.jpg","lastmodified":"2024-09-03 14:21:46","numplays":"1"},{"id":"122298","name":"Morels","image":"https://cf.geekdo-images.com/79RzPdM2pxmtmNV-bdU7LQ__original/img/viQYXUcyfS3j7BxHRn9o2NUwvZY=/0x0/filters:format(jpeg)/pic1284667.jpg","thumbnail":"https://cf.geekdo-images.com/79RzPdM2pxmtmNV-bdU7LQ__thumb/img/5zP3tbw8snCQYnvF5iB9ZteVlgQ=/fit-in/200x150/filters:strip_icc()/pic1284667.jpg","lastmodified":"2022-01-12 12:27:17","numplays":"0"},{"id":"72287","name":"Mr. Jack Pocket","image":"https://cf.geekdo-images.com/nd44m6n6ykDCsHVt4wcEcQ__original/img/9GFcbKuPOzXXMli4QcQFTBJaKDU=/0x0/filters:format(jpeg)/pic1519530.jpg","thumbnail":"https://cf.geekdo-images.com/nd44m6n6ykDCsHVt4wcEcQ__thumb/img/wpEJcfEdHyXDW1Kh3xbevgW2JuA=/fit-in/200x150/filters:strip_icc()/pic1519530.jpg","lastmodified":"2022-01-12 12:29:56","numplays":"0"},{"id":"915","name":"Mystery of the Abbey","image":"https://cf.geekdo-images.com/5wwSFSDlAa0LkEQyN1Dgmw__original/img/JtUe3mAcF8KYH3SXm_9HhbGiQCk=/0x0/filters:format(jpeg)/pic7229381.jpg","thumbnail":"https://cf.geekdo-images.com/5wwSFSDlAa0LkEQyN1Dgmw__thumb/img/KUxemc015aCXAVgXfx3yvx8Jnk8=/fit-in/200x150/filters:strip_icc()/pic7229381.jpg","lastmodified":"2005-05-02 10:40:46","numplays":"0"},{"id":"1265","name":"Mystery Rummy: Jekyll & Hyde","image":"https://cf.geekdo-images.com/egnaIYGMGkD3htjX1tKvWA__original/img/W0z9lro5pZWzBMIkpLNfUx2CvTE=/0x0/filters:format(jpeg)/pic140031.jpg","thumbnail":"https://cf.geekdo-images.com/egnaIYGMGkD3htjX1tKvWA__thumb/img/KHAr5sNHJe8h1I19ZBG2GPmb_xU=/fit-in/200x150/filters:strip_icc()/pic140031.jpg","lastmodified":"2022-01-12 12:28:11","numplays":"0"},{"id":"25554","name":"Notre Dame","image":"https://cf.geekdo-images.com/d1g8Yh14XHf63H3VOC93AA__original/img/au2Y5st7foP0ohkFEbFqAOPR7Nc=/0x0/filters:format(jpeg)/pic199316.jpg","thumbnail":"https://cf.geekdo-images.com/d1g8Yh14XHf63H3VOC93AA__thumb/img/DwCJeQSpNHs_cX8FfWwNlKqDRSQ=/fit-in/200x150/filters:strip_icc()/pic199316.jpg","lastmodified":"2011-07-21 20:52:22","numplays":"0"},{"id":"231733","name":"Obsession","image":"https://cf.geekdo-images.com/sy89BiuZXfbSnG7Cag9tBQ__original/img/uArsqbWyUALa982zGWsy8QQWnjE=/0x0/filters:format(png)/pic5902073.png","thumbnail":"https://cf.geekdo-images.com/sy89BiuZXfbSnG7Cag9tBQ__thumb/img/eTnMwfCC2jCGDPXC08SIaMXNOTM=/fit-in/200x150/filters:strip_icc()/pic5902073.png","lastmodified":"2023-09-06 11:42:23","numplays":"0"},{"id":"179275","name":"One Deck Dungeon","image":"https://cf.geekdo-images.com/quvyGpE7kwbd2Mt1H5iLwQ__original/img/pjwQVzsCHiXg8qFTZpVoJYx6SOE=/0x0/filters:format(jpeg)/pic3019101.jpg","thumbnail":"https://cf.geekdo-images.com/quvyGpE7kwbd2Mt1H5iLwQ__thumb/img/Vf5PvYElsfOG28LqJimwPC6rqw4=/fit-in/200x150/filters:strip_icc()/pic3019101.jpg","lastmodified":"2022-01-12 12:30:07","numplays":"0"},{"id":"224821","name":"One Deck Dungeon: Forest of Shadows","image":"https://cf.geekdo-images.com/rfkpP2id0JwDWw5694PRQQ__original/img/Od_smbHwsk-3Qw2HntZbU-oUg4I=/0x0/filters:format(jpeg)/pic3496794.jpg","thumbnail":"https://cf.geekdo-images.com/rfkpP2id0JwDWw5694PRQQ__thumb/img/5A9VoUaZ1B5Wx1t0n74mfLBHW2o=/fit-in/200x150/filters:strip_icc()/pic3496794.jpg","lastmodified":"2022-01-12 12:30:23","numplays":"0"},{"id":"239464","name":"Palm Island","image":"https://cf.geekdo-images.com/CPJhhXGPCPIIpsTh-p3UQQ__original/img/o0OXnGNtsBkYd4lupJxcZPpNJgU=/0x0/filters:format(png)/pic3995767.png","thumbnail":"https://cf.geekdo-images.com/CPJhhXGPCPIIpsTh-p3UQQ__thumb/img/2N2T0qeyGfqLCy7egIYquhGhhHU=/fit-in/200x150/filters:strip_icc()/pic3995767.png","lastmodified":"2024-09-24 15:05:54","numplays":"0"},{"id":"266524","name":"PARKS","image":"https://cf.geekdo-images.com/mF2cSNRk2O6HtE45Sl9TcA__original/img/_KNgPoC_4l7iN0ntbFILexOJpfc=/0x0/filters:format(jpeg)/pic4852372.jpg","thumbnail":"https://cf.geekdo-images.com/mF2cSNRk2O6HtE45Sl9TcA__thumb/img/K2AgL-KE_CTcvwahWd7zlt9YR0U=/fit-in/200x150/filters:strip_icc()/pic4852372.jpg","lastmodified":"2024-02-07 13:19:31","numplays":"0"},{"id":"298729","name":"PARKS: Nightfall","image":"https://cf.geekdo-images.com/ucDMn6DilNfP6MgrgVJ8ng__original/img/WnHj7C3sqUglv9OMjvLdsfaijt4=/0x0/filters:format(jpeg)/pic5673231.jpg","thumbnail":"https://cf.geekdo-images.com/ucDMn6DilNfP6MgrgVJ8ng__thumb/img/mDOqTDPCmECGyHlJ1n_JR5v0NOA=/fit-in/200x150/filters:strip_icc()/pic5673231.jpg","lastmodified":"2022-01-12 12:37:21","numplays":"0"},{"id":"358854","name":"PARKS: Wildlife","image":"https://cf.geekdo-images.com/YccfGyP0ksgwpBKrwX0zLQ__original/img/4xN5bKKQ8lUl2vfsT2P_wf0SERo=/0x0/filters:format(jpeg)/pic6753529.jpg","thumbnail":"https://cf.geekdo-images.com/YccfGyP0ksgwpBKrwX0zLQ__thumb/img/xnrfz4DD9jmAtDr95bmEYZgJIds=/fit-in/200x150/filters:strip_icc()/pic6753529.jpg","lastmodified":"2023-01-15 13:25:05","numplays":"0"},{"id":"163412","name":"Patchwork","image":"https://cf.geekdo-images.com/wLW7pFn0--20lEizEz5p3A__original/img/B1j7R-slq8wxgC71Sg1F7S1s7Kg=/0x0/filters:format(jpeg)/pic2270442.jpg","thumbnail":"https://cf.geekdo-images.com/wLW7pFn0--20lEizEz5p3A__thumb/img/P49TUiytgjmRAtKsfO7Y3yU_xic=/fit-in/200x150/filters:strip_icc()/pic2270442.jpg","lastmodified":"2024-02-07 13:19:38","numplays":"0"},{"id":"15818","name":"Pickomino","image":"https://cf.geekdo-images.com/gWIFE9exHsFPBwTlja41Yg__original/img/mXQ-zvW5bOJviaz89On0s0bVDxk=/0x0/filters:format(jpeg)/pic2345051.jpg","thumbnail":"https://cf.geekdo-images.com/gWIFE9exHsFPBwTlja41Yg__thumb/img/jNW2G8HUPK2a5L-W6dVniTF8XYo=/fit-in/200x150/filters:strip_icc()/pic2345051.jpg","lastmodified":"2024-02-07 13:19:46","numplays":"0"},{"id":"24480","name":"The Pillars of the Earth","image":"https://cf.geekdo-images.com/J897fuu-nl83_o90uOakVQ__original/img/mxQ3uSzeLoPcvD40_I1bEmgIjzU=/0x0/filters:format(jpeg)/pic3691155.jpg","thumbnail":"https://cf.geekdo-images.com/J897fuu-nl83_o90uOakVQ__thumb/img/s18kO6_0qCpGwK6IQZ9UhyJFjL8=/fit-in/200x150/filters:strip_icc()/pic3691155.jpg","lastmodified":"2010-03-08 17:37:48","numplays":"0"},{"id":"150","name":"PitchCar","image":"https://cf.geekdo-images.com/lvC1qJo4-RQ_zqudi_oRmA__original/img/6hC5NG-_7acG1lMzMfrAnou4Fb8=/0x0/filters:format(jpeg)/pic215555.jpg","thumbnail":"https://cf.geekdo-images.com/lvC1qJo4-RQ_zqudi_oRmA__thumb/img/7IuVc3d0QWtb0eCd6PaYHg8Qg2U=/fit-in/200x150/filters:strip_icc()/pic215555.jpg","lastmodified":"2010-03-08 17:37:52","numplays":"0"},{"id":"25946","name":"PitchCar: Extension 2 – More Speed More Fun","image":"https://cf.geekdo-images.com/jjZEfMQe0tezr-ZBavhXtA__original/img/ZRKqEferBf3eClxoPfAKbo7qsIg=/0x0/filters:format(jpeg)/pic273632.jpg","thumbnail":"https://cf.geekdo-images.com/jjZEfMQe0tezr-ZBavhXtA__thumb/img/_z0vVfigI2wOuDVQDRIJ3746vS8=/fit-in/200x150/filters:strip_icc()/pic273632.jpg","lastmodified":"2010-03-08 17:37:55","numplays":"0"},{"id":"365104","name":"Planted: A Game of Nature & Nurture","image":"https://cf.geekdo-images.com/w05q02PbXAw64GKtd4H4qg__original/img/UEjgCd1LgTU3rCuGyjCNVsqyD-4=/0x0/filters:format(jpeg)/pic6978684.jpg","thumbnail":"https://cf.geekdo-images.com/w05q02PbXAw64GKtd4H4qg__thumb/img/MYOOXanLTSiv-vGmyPJ1fy-RIiQ=/fit-in/200x150/filters:strip_icc()/pic6978684.jpg","lastmodified":"2023-01-15 13:24:09","numplays":"0"},{"id":"2651","name":"Power Grid","image":"https://cf.geekdo-images.com/yd6LuatytHRhcFCxCf-EEg__original/img/OS13C6W4i1XW__wWVVVaqF7BV0c=/0x0/filters:format(jpeg)/pic4459753.jpg","thumbnail":"https://cf.geekdo-images.com/yd6LuatytHRhcFCxCf-EEg__thumb/img/jWTonZ5oYNlPzpELKHIJGWSS0Y8=/fit-in/200x150/filters:strip_icc()/pic4459753.jpg","lastmodified":"2011-02-03 13:02:39","numplays":"1"},{"id":"25031","name":"Power Grid: Benelux/Central Europe","image":"https://cf.geekdo-images.com/h1qZFP2iugcygBddHeLKmA__original/img/672bUE9imf9lH89PvnZgRx6srUk=/0x0/filters:format(jpeg)/pic1624618.jpg","thumbnail":"https://cf.geekdo-images.com/h1qZFP2iugcygBddHeLKmA__thumb/img/BlATkksAgHzG6EqhdP9-xYessjE=/fit-in/200x150/filters:strip_icc()/pic1624618.jpg","lastmodified":"2010-03-08 17:38:07","numplays":"0"},{"id":"19319","name":"Power Grid: France/Italy","image":"https://cf.geekdo-images.com/xApaaV3xEdtqiJSrfmSrPQ__original/img/f74G_F7q1Oiot4w_LrVqHdj0q2s=/0x0/filters:format(jpeg)/pic1553323.jpg","thumbnail":"https://cf.geekdo-images.com/xApaaV3xEdtqiJSrfmSrPQ__thumb/img/Qm-NjpXp64Oqb7v3Fv_hYsIOXyo=/fit-in/200x150/filters:strip_icc()/pic1553323.jpg","lastmodified":"2010-03-08 17:38:09","numplays":"0"},{"id":"3076","name":"Puerto Rico","image":"https://cf.geekdo-images.com/QFiIRd2kimaMqTyWsX0aUg__original/img/DOgIp57F7tKZvxeITGAd3e_Q9as=/0x0/filters:format(jpeg)/pic158548.jpg","thumbnail":"https://cf.geekdo-images.com/QFiIRd2kimaMqTyWsX0aUg__thumb/img/5fLo89ChZH6Wzukk36bhZ-EpBS0=/fit-in/200x150/filters:strip_icc()/pic158548.jpg","lastmodified":"2005-03-20 12:01:22","numplays":"0"},{"id":"244521","name":"The Quacks of Quedlinburg","image":"https://cf.geekdo-images.com/pH5LgRL4mNRon-2NsSDb1Q__original/img/8PEJOyuKGbTaEGbUbCoLQy_i65Y=/0x0/filters:format(png)/pic6137509.png","thumbnail":"https://cf.geekdo-images.com/pH5LgRL4mNRon-2NsSDb1Q__thumb/img/E_XspsgbgrVOwOeCuZMO1S8W2rk=/fit-in/200x150/filters:strip_icc()/pic6137509.png","lastmodified":"2023-09-06 11:41:11","numplays":"0"},{"id":"316597","name":"The Quacks of Quedlinburg: The Alchemists","image":"https://cf.geekdo-images.com/Tm5V-TBrl6Clb__VHGNkyA__original/img/jAYNY3CLQ4Y9Hkrfb8hpWsQpbX4=/0x0/filters:format(png)/pic6137107.png","thumbnail":"https://cf.geekdo-images.com/Tm5V-TBrl6Clb__VHGNkyA__thumb/img/sWSh6nPkDHPY8eUXvVHu35TQTL0=/fit-in/200x150/filters:strip_icc()/pic6137107.png","lastmodified":"2023-01-15 13:31:51","numplays":"0"},{"id":"269259","name":"The Quacks of Quedlinburg: The Herb Witches","image":"https://cf.geekdo-images.com/nseXZ6c_ubJwyCM1s086yA__original/img/qbq826nSRdJ7XJJxKeXEeY-viyc=/0x0/filters:format(png)/pic6137510.png","thumbnail":"https://cf.geekdo-images.com/nseXZ6c_ubJwyCM1s086yA__thumb/img/mhXh1WC05O6XmAGvXMOX8vP7mK4=/fit-in/200x150/filters:strip_icc()/pic6137510.png","lastmodified":"2023-01-15 13:31:54","numplays":"0"},{"id":"274093","name":"Quirky Circuits","image":"https://cf.geekdo-images.com/aNabLAdJAW0ot6hojnC9rw__original/img/9qCVfCkEhrTXcKOS_u3HJPO7KJo=/0x0/filters:format(jpeg)/pic4602889.jpg","thumbnail":"https://cf.geekdo-images.com/aNabLAdJAW0ot6hojnC9rw__thumb/img/TV8pBvFqB-Y1rPL91CHISW1hgFo=/fit-in/200x150/filters:strip_icc()/pic4602889.jpg","lastmodified":"2022-01-12 12:37:38","numplays":"0"},{"id":"12","name":"Ra","image":"https://cf.geekdo-images.com/k7lG683LBZdvFyS-FH-MpA__original/img/hEqkeRnhyNLxeryIIdOnAHdItfo=/0x0/filters:format(png)/pic6746812.png","thumbnail":"https://cf.geekdo-images.com/k7lG683LBZdvFyS-FH-MpA__thumb/img/6KTtiknxxGwd0ARKrlsdoXFtHfI=/fit-in/200x150/filters:strip_icc()/pic6746812.png","lastmodified":"2010-03-08 17:38:12","numplays":"0"},{"id":"28143","name":"Race for the Galaxy","image":"https://cf.geekdo-images.com/-DOqixs8uwKUvvWPKI4f9w__original/img/Vh-DCkTPa8OU45LaJdUywwhiYqE=/0x0/filters:format(jpeg)/pic5261714.jpg","thumbnail":"https://cf.geekdo-images.com/-DOqixs8uwKUvvWPKI4f9w__thumb/img/xLs-ldTPwaADbvzkOpF0sgWzwck=/fit-in/200x150/filters:strip_icc()/pic5261714.jpg","lastmodified":"2012-01-17 17:20:33","numplays":"0"},{"id":"28143","name":"Race for the Galaxy","image":"https://cf.geekdo-images.com/-DOqixs8uwKUvvWPKI4f9w__original/img/Vh-DCkTPa8OU45LaJdUywwhiYqE=/0x0/filters:format(jpeg)/pic5261714.jpg","thumbnail":"https://cf.geekdo-images.com/-DOqixs8uwKUvvWPKI4f9w__thumb/img/xLs-ldTPwaADbvzkOpF0sgWzwck=/fit-in/200x150/filters:strip_icc()/pic5261714.jpg","lastmodified":"2018-10-08 14:40:12","numplays":"0"},{"id":"241831","name":"Reykholt","image":"https://cf.geekdo-images.com/wU53jsng9uxfxuAoIeTjDA__original/img/FXWnJoKS3LFiOfvAhAxovXE_9Xg=/0x0/filters:format(jpeg)/pic3877054.jpg","thumbnail":"https://cf.geekdo-images.com/wU53jsng9uxfxuAoIeTjDA__thumb/img/ShUtMDXzeruNkjbG9mgavx7Z2yw=/fit-in/200x150/filters:strip_icc()/pic3877054.jpg","lastmodified":"2024-08-05 14:56:46","numplays":"0"},{"id":"875","name":"Roads & Boats","image":"https://cf.geekdo-images.com/V-uqqRB-Ybm6oD5jWv9cSw__original/img/pOBZTUAqNmdJzkhEuFkxxnaGedk=/0x0/filters:format(jpeg)/pic713985.jpg","thumbnail":"https://cf.geekdo-images.com/V-uqqRB-Ybm6oD5jWv9cSw__thumb/img/mJ6WPCY8ub5LWFnpCnusv42WNhI=/fit-in/200x150/filters:strip_icc()/pic713985.jpg","lastmodified":"2010-06-04 00:25:04","numplays":"0"},{"id":"8257","name":"Roads & Boats: &Cetera","image":"https://cf.geekdo-images.com/jS0dxoLMTyaf6H5YjnN0fw__original/img/kiQ8FnyMSI_c3sEQL4i43oBfLQE=/0x0/filters:format(jpeg)/pic50966.jpg","thumbnail":"https://cf.geekdo-images.com/jS0dxoLMTyaf6H5YjnN0fw__thumb/img/1bSYRRA01H1moRK70iRWS6r608I=/fit-in/200x150/filters:strip_icc()/pic50966.jpg","lastmodified":"2010-06-04 00:25:16","numplays":"0"},{"id":"18","name":"RoboRally","image":"https://cf.geekdo-images.com/eJx8hRJ6-86C2VrhECwEPA__original/img/-9I8B82hDOO1n0h9urwZUdz6bqc=/0x0/filters:format(jpeg)/pic1000553.jpg","thumbnail":"https://cf.geekdo-images.com/eJx8hRJ6-86C2VrhECwEPA__thumb/img/J1PlqFqtN-hxuXM4eEi-ekANPP4=/fit-in/200x150/filters:strip_icc()/pic1000553.jpg","lastmodified":"2010-03-08 17:38:18","numplays":"0"},{"id":"9217","name":"Saint Petersburg","image":"https://cf.geekdo-images.com/Yoidfpvt2eACASYUpbmsyg__original/img/UMVconG3O34fGHYeL7HqTiT3igI=/0x0/filters:format(jpeg)/pic246360.jpg","thumbnail":"https://cf.geekdo-images.com/Yoidfpvt2eACASYUpbmsyg__thumb/img/oN0BjMknoiCwD-o5qeSCOxVPKF0=/fit-in/200x150/filters:strip_icc()/pic246360.jpg","lastmodified":"2005-04-29 18:00:45","numplays":"0"},{"id":"3","name":"Samurai","image":"https://cf.geekdo-images.com/o9-sNXmFS_TLAb7ZlZ4dRA__original/img/TPKZgpNxB_C73RNbhKyP6UR76X0=/0x0/filters:format(jpeg)/pic3211873.jpg","thumbnail":"https://cf.geekdo-images.com/o9-sNXmFS_TLAb7ZlZ4dRA__thumb/img/22MSUC0-ZWgwzhi_VKIbENJik1w=/fit-in/200x150/filters:strip_icc()/pic3211873.jpg","lastmodified":"2010-03-08 17:38:22","numplays":"0"},{"id":"8217","name":"San Juan","image":"https://cf.geekdo-images.com/kiD03bslLpN_0Qe1LJ8OGg__original/img/rFYh1En1BFLZ3n0Do-BwOnn7efU=/0x0/filters:format(jpeg)/pic174174.jpg","thumbnail":"https://cf.geekdo-images.com/kiD03bslLpN_0Qe1LJ8OGg__thumb/img/VD6xhahkv4SR87FYOoQS9rKOpvo=/fit-in/200x150/filters:strip_icc()/pic174174.jpg","lastmodified":"2020-12-28 21:27:06","numplays":"0"},{"id":"8125","name":"Santiago","image":"https://cf.geekdo-images.com/tfDHVFfrC-s0I0KdE5fIbg__original/img/yjgFwEx3YpoBa1SqxSnL-vP8hGg=/0x0/filters:format(png)/pic7052960.png","thumbnail":"https://cf.geekdo-images.com/tfDHVFfrC-s0I0KdE5fIbg__thumb/img/OjGDUKiMhlFRqFE0BsrjGZXTcPA=/fit-in/200x150/filters:strip_icc()/pic7052960.png","lastmodified":"2010-03-08 17:38:27","numplays":"0"},{"id":"831","name":"Schrille Stille","image":"https://cf.geekdo-images.com/Ur5Q2P5l-uPPu16j5NmnIA__original/img/JFbBouqsvIURiCCgpAJ0vNJMWnE=/0x0/filters:format(jpeg)/pic318386.jpg","thumbnail":"https://cf.geekdo-images.com/Ur5Q2P5l-uPPu16j5NmnIA__thumb/img/eRjf6jRJZepfo3QFJADJEYFLSEI=/fit-in/200x150/filters:strip_icc()/pic318386.jpg","lastmodified":"2012-02-28 15:09:05","numplays":"0"},{"id":"358557","name":"The Search for Lost Species","image":"https://cf.geekdo-images.com/-VyojGLJ9XYN1b-V2ODCHg__original/img/Jbcp4I1cz_U8wlWZBrfaF0KTKDY=/0x0/filters:format(jpeg)/pic6740248.jpg","thumbnail":"https://cf.geekdo-images.com/-VyojGLJ9XYN1b-V2ODCHg__thumb/img/NbCa0ypa0yjqB7uTZKtOgCYcEqI=/fit-in/200x150/filters:strip_icc()/pic6740248.jpg","lastmodified":"2024-02-07 13:14:37","numplays":"0"},{"id":"279537","name":"The Search for Planet X","image":"https://cf.geekdo-images.com/NItjtztEUAKOpaTWZddu9A__original/img/fr-JmerGdiEj6r9UM7F6laogGF0=/0x0/filters:format(jpeg)/pic5744928.jpg","thumbnail":"https://cf.geekdo-images.com/NItjtztEUAKOpaTWZddu9A__thumb/img/x8YD4cAVOAbSDsZbmKgU0-WQ9wI=/fit-in/200x150/filters:strip_icc()/pic5744928.jpg","lastmodified":"2024-02-07 13:14:28","numplays":"0"},{"id":"265683","name":"Second Chance","image":"https://cf.geekdo-images.com/l8YbahkVzd5JLw53SahSTw__original/img/Fgz9oBrr1DJs1lIPnBEmjGPgHtM=/0x0/filters:format(jpeg)/pic4948024.jpg","thumbnail":"https://cf.geekdo-images.com/l8YbahkVzd5JLw53SahSTw__thumb/img/4vSADdVmmEAXE7U0D7JtVcU_IU8=/fit-in/200x150/filters:strip_icc()/pic4948024.jpg","lastmodified":"2023-01-15 13:28:53","numplays":"0"},{"id":"15062","name":"Shadows over Camelot","image":"https://cf.geekdo-images.com/JYqwG_v1B3RhpB7NcmeDOA__original/img/_eAaG7PMaTcj1DpHbmUaOBTisoY=/0x0/filters:format(jpeg)/pic70547.jpg","thumbnail":"https://cf.geekdo-images.com/JYqwG_v1B3RhpB7NcmeDOA__thumb/img/QOG1zO0uvqxGTDF9V_OewVPMvNE=/fit-in/200x150/filters:strip_icc()/pic70547.jpg","lastmodified":"2010-03-08 17:38:39","numplays":"0"},{"id":"433","name":"Shark","image":"https://cf.geekdo-images.com/wU-CelFCsMaOrhWwAiny0g__original/img/gjJVZP30YNCeFmPxxpZyTkBS85g=/0x0/filters:format(jpeg)/pic6985693.jpg","thumbnail":"https://cf.geekdo-images.com/wU-CelFCsMaOrhWwAiny0g__thumb/img/yBv4f9_eXfmfuh6bFTGT_QTQOao=/fit-in/200x150/filters:strip_icc()/pic6985693.jpg","lastmodified":"2005-03-20 12:02:26","numplays":"0"},{"id":"18932","name":"Siena","image":"https://cf.geekdo-images.com/wb8pvgFmW9IH-upj8XB-KA__original/img/RFtp7kZVguHraFzRPCeXLxqHhDk=/0x0/filters:format(jpeg)/pic99088.jpg","thumbnail":"https://cf.geekdo-images.com/wb8pvgFmW9IH-upj8XB-KA__thumb/img/fLkWcZdIkZNJfM7oc_4YBVj2Eyo=/fit-in/200x150/filters:strip_icc()/pic99088.jpg","lastmodified":"2022-01-17 15:26:46","numplays":"0"},{"id":"594","name":"Sleuth","image":"https://cf.geekdo-images.com/-FI9Wy5V-Jr7hOCc6w0fbQ__original/img/11k8HMQTB9LrQ-oGoOXFFrR0YlE=/0x0/filters:format(png)/pic1339353.png","thumbnail":"https://cf.geekdo-images.com/-FI9Wy5V-Jr7hOCc6w0fbQ__thumb/img/YvpT7JIL6n-re8AH2UOZyLI29OA=/fit-in/200x150/filters:strip_icc()/pic1339353.png","lastmodified":"2011-11-21 00:07:50","numplays":"0"},{"id":"40692","name":"Small World","image":"https://cf.geekdo-images.com/aoPM07XzoceB-RydLh08zA__original/img/bYLzrwZO9u-3h2wyU-PHc8aTOY4=/0x0/filters:format(jpeg)/pic428828.jpg","thumbnail":"https://cf.geekdo-images.com/aoPM07XzoceB-RydLh08zA__thumb/img/o3Bw9heVDJRgPYlI_PksCvLAgnM=/fit-in/200x150/filters:strip_icc()/pic428828.jpg","lastmodified":"2012-01-17 17:21:45","numplays":"0"},{"id":"162886","name":"Spirit Island","image":"https://cf.geekdo-images.com/kjCm4ZvPjIZxS-mYgSPy1g__original/img/9uLd9C3XAvInLCLhAoXqKVk56zs=/0x0/filters:format(jpeg)/pic7013651.jpg","thumbnail":"https://cf.geekdo-images.com/kjCm4ZvPjIZxS-mYgSPy1g__thumb/img/aUlIih2_R7P8IYKeyNl2heLQbu8=/fit-in/200x150/filters:strip_icc()/pic7013651.jpg","lastmodified":"2024-02-07 13:20:12","numplays":"0"},{"id":"193065","name":"Spirit Island: Branch & Claw","image":"https://cf.geekdo-images.com/l1k4gxERlIuhCNIn3TPU_g__original/img/IfWWkvqshUOSNPCOqjX7tP_iP0g=/0x0/filters:format(jpeg)/pic7010668.jpg","thumbnail":"https://cf.geekdo-images.com/l1k4gxERlIuhCNIn3TPU_g__thumb/img/YrbMam9JFeUqXHrPPXLxrSYlYK0=/fit-in/200x150/filters:strip_icc()/pic7010668.jpg","lastmodified":"2022-01-12 12:32:21","numplays":"0"},{"id":"262722","name":"Spirit Island: Jagged Earth","image":"https://cf.geekdo-images.com/zpJWXV6NH8layu6mp4tPKQ__original/img/qI4bslEHcc7XiTTTU3dJ9a0BRtc=/0x0/filters:format(jpeg)/pic7825275.jpg","thumbnail":"https://cf.geekdo-images.com/zpJWXV6NH8layu6mp4tPKQ__thumb/img/HVoV__D4kFdAk2gL4RjoB6DUleQ=/fit-in/200x150/filters:strip_icc()/pic7825275.jpg","lastmodified":"2022-01-12 12:32:14","numplays":"0"},{"id":"253684","name":"Spring Meadow","image":"https://cf.geekdo-images.com/RyoXSs5ukUtep7WbiWqTLg__original/img/KRysWsX0z8pQLNbTxad7sOaC06o=/0x0/filters:format(jpeg)/pic4149719.jpg","thumbnail":"https://cf.geekdo-images.com/RyoXSs5ukUtep7WbiWqTLg__thumb/img/Ev9hcbV_yI-PKaRqY8ZZSVLJpPY=/fit-in/200x150/filters:strip_icc()/pic4149719.jpg","lastmodified":"2022-01-17 15:24:36","numplays":"0"},{"id":"332290","name":"Stardew Valley: The Board Game","image":"https://cf.geekdo-images.com/X1oNtZV5H5BxtxlsTGIsHA__original/img/xkYA7A3vJLA2wqkaRorXcHgjQDk=/0x0/filters:format(png)/pic6037615.png","thumbnail":"https://cf.geekdo-images.com/X1oNtZV5H5BxtxlsTGIsHA__thumb/img/wvQPqF45KlfnRB-Z4ESK9VXzZMM=/fit-in/200x150/filters:strip_icc()/pic6037615.png","lastmodified":"2024-09-03 14:23:19","numplays":"0"},{"id":"9675","name":"La Strada","image":"https://cf.geekdo-images.com/FI6EY7xN3elchZZrPXKS2w__original/img/3QY9xzV7jjirDzkO13pwmG28rTA=/0x0/filters:format(jpeg)/pic1191603.jpg","thumbnail":"https://cf.geekdo-images.com/FI6EY7xN3elchZZrPXKS2w__thumb/img/yEYhAhJJ3b93nxuuj30ChRVht40=/fit-in/200x150/filters:strip_icc()/pic1191603.jpg","lastmodified":"2005-05-02 10:38:32","numplays":"0"},{"id":"91534","name":"Struggle for Catan","image":"https://cf.geekdo-images.com/sgVlSEVdIThWUxgfzkHVEQ__original/img/NFZkAIc4YvNJpyk_xfxlnk9pSA0=/0x0/filters:format(jpeg)/pic7625877.jpg","thumbnail":"https://cf.geekdo-images.com/sgVlSEVdIThWUxgfzkHVEQ__thumb/img/TW0KmIhsb9qmAE6E7OM3_0fV7iw=/fit-in/200x150/filters:strip_icc()/pic7625877.jpg","lastmodified":"2022-01-12 12:26:47","numplays":"0"},{"id":"432","name":"Take 5","image":"https://cf.geekdo-images.com/fejfmCLX0kSSKppT5iv_Pg__original/img/E982nMiCQhBmIqyP7BiKITx-om4=/0x0/filters:format(jpeg)/pic7649146.jpg","thumbnail":"https://cf.geekdo-images.com/fejfmCLX0kSSKppT5iv_Pg__thumb/img/dWcwk0P0dT5AujK4CiYP_A2d93A=/fit-in/200x150/filters:strip_icc()/pic7649146.jpg","lastmodified":"2010-03-08 17:35:34","numplays":"0"},{"id":"269207","name":"The Taverns of Tiefenthal","image":"https://cf.geekdo-images.com/H-AU-nhjCbaxWlWj_O-eFw__original/img/lA3TNJgLhVo-hB9rPKxr66js5j0=/0x0/filters:format(jpeg)/pic4873141.jpg","thumbnail":"https://cf.geekdo-images.com/H-AU-nhjCbaxWlWj_O-eFw__thumb/img/K_cH8KNrKA2FdgvqtUMubNvoRQU=/fit-in/200x150/filters:strip_icc()/pic4873141.jpg","lastmodified":"2024-02-07 13:14:17","numplays":"0"},{"id":"17161","name":"Tempus","image":"https://cf.geekdo-images.com/HbByF3L0K1SdYldIlOJK_Q__original/img/I5ptZKlYNda-RllUrHfDcdkGTlU=/0x0/filters:format(jpeg)/pic218485.jpg","thumbnail":"https://cf.geekdo-images.com/HbByF3L0K1SdYldIlOJK_Q__thumb/img/2LMtuAl4hssI5FCi5VfpApvdBi0=/fit-in/200x150/filters:strip_icc()/pic218485.jpg","lastmodified":"2010-03-08 17:38:45","numplays":"0"},{"id":"167791","name":"Terraforming Mars","image":"https://cf.geekdo-images.com/wg9oOLcsKvDesSUdZQ4rxw__original/img/thIqWDnH9utKuoKVEUqveDixprI=/0x0/filters:format(jpeg)/pic3536616.jpg","thumbnail":"https://cf.geekdo-images.com/wg9oOLcsKvDesSUdZQ4rxw__thumb/img/BTxqxgYay5tHJfVoJ2NF5g43_gA=/fit-in/200x150/filters:strip_icc()/pic3536616.jpg","lastmodified":"2022-01-12 12:32:27","numplays":"0"},{"id":"255681","name":"Terraforming Mars: Colonies","image":"https://cf.geekdo-images.com/OyCyHETRL-RzzYKlF8jshA__original/img/SbCa7xHGKW3v8tYf2CwPYH4t0tQ=/0x0/filters:format(jpeg)/pic4193099.jpg","thumbnail":"https://cf.geekdo-images.com/OyCyHETRL-RzzYKlF8jshA__thumb/img/WpvEB_JcNNPngED5fDPb3qZOUEA=/fit-in/200x150/filters:strip_icc()/pic4193099.jpg","lastmodified":"2023-01-15 13:20:50","numplays":"0"},{"id":"218127","name":"Terraforming Mars: Hellas & Elysium","image":"https://cf.geekdo-images.com/7yS40E2oW3JY5_1HpDkmBw__original/img/zrWa0cefvMsa28k7lFuW87Rea8M=/0x0/filters:format(jpeg)/pic3343205.jpg","thumbnail":"https://cf.geekdo-images.com/7yS40E2oW3JY5_1HpDkmBw__thumb/img/nUbQgZ-hG7C8S1xU01rU-0HmIC0=/fit-in/200x150/filters:strip_icc()/pic3343205.jpg","lastmodified":"2022-01-12 12:33:20","numplays":"0"},{"id":"247030","name":"Terraforming Mars: Prelude","image":"https://cf.geekdo-images.com/2qrpbgsKEcvu5RLXpb6fgw__original/img/aJDspE-4X4Qyn9ViaBrXd-P7IJw=/0x0/filters:format(jpeg)/pic4137234.jpg","thumbnail":"https://cf.geekdo-images.com/2qrpbgsKEcvu5RLXpb6fgw__thumb/img/D5ierThzC9UcVe3mYB9n0-j5q5w=/fit-in/200x150/filters:strip_icc()/pic4137234.jpg","lastmodified":"2022-01-12 12:32:55","numplays":"0"},{"id":"273473","name":"Terraforming Mars: Turmoil","image":"https://cf.geekdo-images.com/KJHDZ_QwU6nAwrc53ixfJw__original/img/UPhbpsxHxAOdQT1zOpQoJgKWCs0=/0x0/filters:format(jpeg)/pic4599496.jpg","thumbnail":"https://cf.geekdo-images.com/KJHDZ_QwU6nAwrc53ixfJw__thumb/img/EgKltMLq_GTj_TP6HGBml4Y98gk=/fit-in/200x150/filters:strip_icc()/pic4599496.jpg","lastmodified":"2022-01-12 12:33:08","numplays":"0"},{"id":"231965","name":"Terraforming Mars: Venus Next","image":"https://cf.geekdo-images.com/XuQN5HlG2bLbQu3AlQQgbQ__original/img/fUz_sb0jBe0VtZctQpUrZ_nGX-Y=/0x0/filters:format(jpeg)/pic3767139.jpg","thumbnail":"https://cf.geekdo-images.com/XuQN5HlG2bLbQu3AlQQgbQ__thumb/img/tf_tuTOtgXvRhibhHIa0uKh4l6Y=/fit-in/200x150/filters:strip_icc()/pic3767139.jpg","lastmodified":"2022-01-12 12:33:15","numplays":"0"},{"id":"30869","name":"Thebes","image":"https://cf.geekdo-images.com/T4EH02wIepQC4DzyEEY1MQ__original/img/QxPqkxizF0ZN4crTiw_OukDV8c4=/0x0/filters:format(jpeg)/pic2723204.jpg","thumbnail":"https://cf.geekdo-images.com/T4EH02wIepQC4DzyEEY1MQ__thumb/img/oQ0IlYEVkHSnCPvoORuPAjzCCy8=/fit-in/200x150/filters:strip_icc()/pic2723204.jpg","lastmodified":"2010-03-08 17:38:46","numplays":"0"},{"id":"12063","name":"There's a Moose in the House","image":"https://cf.geekdo-images.com/UumOIGIBCEqKE9XnGd0__Q__original/img/wNyn39YXfk8mRhae6XMnMzOJD9c=/0x0/filters:format(jpeg)/pic974382.jpg","thumbnail":"https://cf.geekdo-images.com/UumOIGIBCEqKE9XnGd0__Q__thumb/img/_WjLt-p6JZ9fUTVP5EK6NQ7lZQg=/fit-in/200x150/filters:strip_icc()/pic974382.jpg","lastmodified":"2005-03-20 12:06:51","numplays":"0"},{"id":"503","name":"Through the Desert","image":"https://cf.geekdo-images.com/Rq_hJIAO7jDgIpAW943hJA__original/img/9lIQGNwBYmAlsgXOI6Iw2Q2CIkA=/0x0/filters:format(jpeg)/pic7697747.jpg","thumbnail":"https://cf.geekdo-images.com/Rq_hJIAO7jDgIpAW943hJA__thumb/img/blKEV5US-j7v3VDceGF1CIUb-lE=/fit-in/200x150/filters:strip_icc()/pic7697747.jpg","lastmodified":"2010-03-08 17:38:49","numplays":"0"},{"id":"21790","name":"Thurn and Taxis","image":"https://cf.geekdo-images.com/OlwMFxx9t6HGndTSKaWxhg__original/img/SPiwIEJ1u6hBJtG4p4BrCgrPwDs=/0x0/filters:format(jpeg)/pic115300.jpg","thumbnail":"https://cf.geekdo-images.com/OlwMFxx9t6HGndTSKaWxhg__thumb/img/Fz4ZowJ6MyHSUTZv6XVPs5w4NM0=/fit-in/200x150/filters:strip_icc()/pic115300.jpg","lastmodified":"2010-03-08 17:38:54","numplays":"0"},{"id":"9209","name":"Ticket to Ride","image":"https://cf.geekdo-images.com/ZWJg0dCdrWHxVnc0eFXK8w__original/img/LgzEsQlF3xkSEQLoorc8ntiYiIY=/0x0/filters:format(jpeg)/pic38668.jpg","thumbnail":"https://cf.geekdo-images.com/ZWJg0dCdrWHxVnc0eFXK8w__thumb/img/a9rsFV6KR0aun8GobhRU16aU8Kc=/fit-in/200x150/filters:strip_icc()/pic38668.jpg","lastmodified":"2006-03-06 15:01:26","numplays":"0"},{"id":"14996","name":"Ticket to Ride: Europe","image":"https://cf.geekdo-images.com/0K1AOciqlMVUWFPLTJSiww__original/img/O37sCRSJLq4S8EpCxFDNVsNBuxE=/0x0/filters:format(jpeg)/pic66668.jpg","thumbnail":"https://cf.geekdo-images.com/0K1AOciqlMVUWFPLTJSiww__thumb/img/RDvu2FvsYVVH8icp1VsilUlqUGI=/fit-in/200x150/filters:strip_icc()/pic66668.jpg","lastmodified":"2010-03-08 17:38:57","numplays":"0"},{"id":"42","name":"Tigris & Euphrates","image":"https://cf.geekdo-images.com/soAzNVWglCdVBacNjoCTJw__original/img/HClVZy9phFP-NPte4UBQpclsaHU=/0x0/filters:format(jpeg)/pic2338267.jpg","thumbnail":"https://cf.geekdo-images.com/soAzNVWglCdVBacNjoCTJw__thumb/img/0UPEyOaSFyqEH1ikrSig_218RQ0=/fit-in/200x150/filters:strip_icc()/pic2338267.jpg","lastmodified":"2005-05-01 23:47:39","numplays":"0"},{"id":"265736","name":"Tiny Towns","image":"https://cf.geekdo-images.com/aE1EoOzr530gQin8bj8QDA__original/img/-GDAsvmQ3wkuHaZ8h9G5Gk_nvVA=/0x0/filters:format(jpeg)/pic4460401.jpg","thumbnail":"https://cf.geekdo-images.com/aE1EoOzr530gQin8bj8QDA__thumb/img/AI-Ro3wLJtpyZLmCMNywOlpz0S8=/fit-in/200x150/filters:strip_icc()/pic4460401.jpg","lastmodified":"2023-01-15 13:15:34","numplays":"0"},{"id":"15510","name":"Tower of Babel","image":"https://cf.geekdo-images.com/xlbZXr1v_YWFIDFQqBCeCQ__original/img/Tl7MkoDbG4_NZ20dTyxrWVeZLYU=/0x0/filters:format(jpeg)/pic311199.jpg","thumbnail":"https://cf.geekdo-images.com/xlbZXr1v_YWFIDFQqBCeCQ__thumb/img/83iuYMvRem-0xibVOjwzSjZs_5w=/fit-in/200x150/filters:strip_icc()/pic311199.jpg","lastmodified":"2010-03-08 17:38:59","numplays":"0"},{"id":"2842","name":"TransAmerica","image":"https://cf.geekdo-images.com/yyyoLviq8AJABj7T7V5pgg__original/img/lz228lNP5atyitrd6QF9wwA5v5Q=/0x0/filters:format(jpeg)/pic1178136.jpg","thumbnail":"https://cf.geekdo-images.com/yyyoLviq8AJABj7T7V5pgg__thumb/img/J2InPiyNrRDiTLCNNvh1TZDJpOM=/fit-in/200x150/filters:strip_icc()/pic1178136.jpg","lastmodified":"2010-03-08 17:53:29","numplays":"0"},{"id":"1403","name":"Turn the Tide","image":"https://cf.geekdo-images.com/lg2cZmqHCdBWuYMFqnYHoA__original/img/7GqhodEFevjpNdLxkS6PrAqvmYE=/0x0/filters:format(jpeg)/pic725351.jpg","thumbnail":"https://cf.geekdo-images.com/lg2cZmqHCdBWuYMFqnYHoA__thumb/img/HMpv7y7QY4_1FvCVL5AAzdHZZ74=/fit-in/200x150/filters:strip_icc()/pic725351.jpg","lastmodified":"2010-06-04 00:18:28","numplays":"0"},{"id":"12318","name":"Typo","image":"https://cf.geekdo-images.com/054ImwbpNUnlEwI8ejhQqQ__original/img/dAzT-y5OQuG5ggK7Xvxw-fDJUUA=/0x0/filters:format(jpeg)/pic4555929.jpg","thumbnail":"https://cf.geekdo-images.com/054ImwbpNUnlEwI8ejhQqQ__thumb/img/xVWoYQFdGxDV0hpaAJlLIdkphsk=/fit-in/200x150/filters:strip_icc()/pic4555929.jpg","lastmodified":"2022-01-12 12:31:45","numplays":"0"},{"id":"128063","name":"Uchronia","image":"https://cf.geekdo-images.com/BEMKss4V4AsOT6Lr1zQpiw__original/img/SPiUc2UI9BMJt17Kxoqvjs_YwdY=/0x0/filters:format(jpeg)/pic1514976.jpg","thumbnail":"https://cf.geekdo-images.com/BEMKss4V4AsOT6Lr1zQpiw__thumb/img/XA5ziKeiBn4KF5c6fRd7OZUOMMg=/fit-in/200x150/filters:strip_icc()/pic1514976.jpg","lastmodified":"2022-01-12 12:29:46","numplays":"0"},{"id":"152242","name":"Ultimate Werewolf: Deluxe Edition","image":"https://cf.geekdo-images.com/dncdxD1g4dxMh9e8oKlzbg__original/img/o-44FqDtvZ28uqX_V_rcpEnzqsI=/0x0/filters:format(png)/pic1878492.png","thumbnail":"https://cf.geekdo-images.com/dncdxD1g4dxMh9e8oKlzbg__thumb/img/Wd1gXoEgJjq9vG3ZCP8_H1hP2eE=/fit-in/200x150/filters:strip_icc()/pic1878492.png","lastmodified":"2022-01-12 12:31:28","numplays":"0"},{"id":"306735","name":"Under Falling Skies","image":"https://cf.geekdo-images.com/ecO5eAd3RkctQ0-Tbqv37Q__original/img/eVUBGX1Hjp91YAlj3XJtRQ3y444=/0x0/filters:format(jpeg)/pic5428723.jpg","thumbnail":"https://cf.geekdo-images.com/ecO5eAd3RkctQ0-Tbqv37Q__thumb/img/uxrJLWxvi-f8CGbDpxQBStzvGes=/fit-in/200x150/filters:strip_icc()/pic5428723.jpg","lastmodified":"2024-02-07 13:10:48","numplays":"0"},{"id":"247763","name":"Underwater Cities","image":"https://cf.geekdo-images.com/PwOwTVHovJAUQgghnGqCOg__original/img/1WL5-4DZi0hX76HEgsLIYRRaIh4=/0x0/filters:format(png)/pic4837710.png","thumbnail":"https://cf.geekdo-images.com/PwOwTVHovJAUQgghnGqCOg__thumb/img/1gGYiRBx7W4wyLy826EHGTdjsKA=/fit-in/200x150/filters:strip_icc()/pic4837710.png","lastmodified":"2024-02-07 13:20:49","numplays":"0"},{"id":"276104","name":"Underwater Cities: New Discoveries","image":"https://cf.geekdo-images.com/S0GhOLC1iv7h9RZotqfQVw__original/img/-4fW8K-aIgJ3h7DW7W8UwiqETVM=/0x0/filters:format(jpeg)/pic4934894.jpg","thumbnail":"https://cf.geekdo-images.com/S0GhOLC1iv7h9RZotqfQVw__thumb/img/NT_WeiXkYp7vH8kD5-2lPyFQolQ=/fit-in/200x150/filters:strip_icc()/pic4934894.jpg","lastmodified":"2022-01-12 12:37:06","numplays":"0"},{"id":"217085","name":"Unearth","image":"https://cf.geekdo-images.com/0olGvNCDk-VmFW2LDOnI_Q__original/img/sugvsPhhLdQrUxD5SH970FN-Fuc=/0x0/filters:format(jpeg)/pic3579391.jpg","thumbnail":"https://cf.geekdo-images.com/0olGvNCDk-VmFW2LDOnI_Q__thumb/img/3J2ogaftEzBzwUO3kyJ7DXH-3HE=/fit-in/200x150/filters:strip_icc()/pic3579391.jpg","lastmodified":"2023-01-15 13:32:17","numplays":"0"},{"id":"2596","name":"Villa Paletti","image":"https://cf.geekdo-images.com/RIl9xfBG7mGFNhWVLCrTlA__original/img/logjE-X4m_BOtu_z0zmqTIpBExA=/0x0/filters:format(jpeg)/pic168173.jpg","thumbnail":"https://cf.geekdo-images.com/RIl9xfBG7mGFNhWVLCrTlA__thumb/img/Gmqy6UppvoaPqecIQhyS_BgHd4s=/fit-in/200x150/filters:strip_icc()/pic168173.jpg","lastmodified":"2010-03-08 17:39:03","numplays":"0"},{"id":"355483","name":"Wandering Towers","image":"https://cf.geekdo-images.com/602eY-xlgkaL3gtyZ7QVVQ__original/img/0pBr7ImqUOKLPUb12_r0_R0MD1M=/0x0/filters:format(jpeg)/pic7347437.jpg","thumbnail":"https://cf.geekdo-images.com/602eY-xlgkaL3gtyZ7QVVQ__thumb/img/6u9GKTBVH0wRAhhpOi1kn3sSNeo=/fit-in/200x150/filters:strip_icc()/pic7347437.jpg","lastmodified":"2024-02-07 13:09:19","numplays":"0"},{"id":"233867","name":"Welcome To...","image":"https://cf.geekdo-images.com/g4XmxyKhNVdhC3QPd1purQ__original/img/pb6XFQZFUNOr6OPysOHB3usVDFk=/0x0/filters:format(jpeg)/pic3761012.jpg","thumbnail":"https://cf.geekdo-images.com/g4XmxyKhNVdhC3QPd1purQ__thumb/img/e3bCyIvM1IOGFYnKGj2jIn5mbKY=/fit-in/200x150/filters:strip_icc()/pic3761012.jpg","lastmodified":"2024-02-07 13:20:39","numplays":"0"},{"id":"219215","name":"Werewords","image":"https://cf.geekdo-images.com/4ngyBZXLLKIOdGuUHE7baw__original/img/26CKXFLZQ1sUlUwdu_kJ3E8F4Bs=/0x0/filters:format(jpeg)/pic4415135.jpg","thumbnail":"https://cf.geekdo-images.com/4ngyBZXLLKIOdGuUHE7baw__thumb/img/gSGfC0ZMYbOXukqfdBBuxULmyJU=/fit-in/200x150/filters:strip_icc()/pic4415135.jpg","lastmodified":"2022-01-12 12:31:37","numplays":"0"},{"id":"266192","name":"Wingspan","image":"https://cf.geekdo-images.com/yLZJCVLlIx4c7eJEWUNJ7w__original/img/cI782Zis9cT66j2MjSHKJGnFPNw=/0x0/filters:format(jpeg)/pic4458123.jpg","thumbnail":"https://cf.geekdo-images.com/yLZJCVLlIx4c7eJEWUNJ7w__thumb/img/VNToqgS2-pOGU6MuvIkMPKn_y-s=/fit-in/200x150/filters:strip_icc()/pic4458123.jpg","lastmodified":"2024-09-03 14:22:00","numplays":"0"},{"id":"366161","name":"Wingspan Asia","image":"https://cf.geekdo-images.com/h1dRxq4lNMpuSUSGdgCmfA__original/img/MSX7waTxS81SiyxAmmCJFFWAl1I=/0x0/filters:format(jpeg)/pic7107431.jpg","thumbnail":"https://cf.geekdo-images.com/h1dRxq4lNMpuSUSGdgCmfA__thumb/img/hPsEFlgh0b_JhtQmsJQv3vmq814=/fit-in/200x150/filters:strip_icc()/pic7107431.jpg","lastmodified":"2023-09-06 11:45:44","numplays":"0"},{"id":"290448","name":"Wingspan: European Expansion","image":"https://cf.geekdo-images.com/7izK8WM_bgtvBzxQvLGz-A__original/img/NFkKrFCKJ1YUC1x7bpx-WVDhLq0=/0x0/filters:format(jpeg)/pic4982682.jpg","thumbnail":"https://cf.geekdo-images.com/7izK8WM_bgtvBzxQvLGz-A__thumb/img/Q76pV0p00R8qkcS6o-nczJD7DCk=/fit-in/200x150/filters:strip_icc()/pic4982682.jpg","lastmodified":"2023-01-15 13:30:38","numplays":"0"},{"id":"300580","name":"Wingspan: Oceania Expansion","image":"https://cf.geekdo-images.com/Nl_5PvrmI6aS-1qqiJ6JAw__original/img/Y4F8LD6FKN82ERsoe92o25oAF2E=/0x0/filters:format(png)/pic5685481.png","thumbnail":"https://cf.geekdo-images.com/Nl_5PvrmI6aS-1qqiJ6JAw__thumb/img/ohztPasKZz5F71HTb7YrPasy_xM=/fit-in/200x150/filters:strip_icc()/pic5685481.png","lastmodified":"2023-01-15 13:30:47","numplays":"0"},{"id":"12761","name":"Ys","image":"https://cf.geekdo-images.com/4CUtcDNWKT-r08P9B5CBmQ__original/img/VPQgQQHSC2ZyGQRyMG5zsWtKuxg=/0x0/filters:format(jpeg)/pic342165.jpg","thumbnail":"https://cf.geekdo-images.com/4CUtcDNWKT-r08P9B5CBmQ__thumb/img/FSa6BP2JbM7y9tfdOLZHShzGcgo=/fit-in/200x150/filters:strip_icc()/pic342165.jpg","lastmodified":"2010-03-08 17:39:05","numplays":"0"},{"id":"22345","name":"Yspahan","image":"https://cf.geekdo-images.com/_hUX-wQKA7Y8NYLitCl3Kw__original/img/2jQTOa7Wm3naCMDebGUXeSxUZIg=/0x0/filters:format(jpeg)/pic244381.jpg","thumbnail":"https://cf.geekdo-images.com/_hUX-wQKA7Y8NYLitCl3Kw__thumb/img/gB45aMPqMqqTVndQsxm34ofuL40=/fit-in/200x150/filters:strip_icc()/pic244381.jpg","lastmodified":"2010-03-08 17:39:08","numplays":"0"}]}