{"timestamp":"2024-11-10T05:45:46.636Z","games":[{"id":"140934","name":"Arboretum","image":"https://cf.geekdo-images.com/XYOn10oXBrDqHySf0jvnyQ__original/img/RMi0pEsP8agfH-tgYkeRGilD3oo=/0x0/filters:format(png)/pic4172124.png","thumbnail":"https://cf.geekdo-images.com/XYOn10oXBrDqHySf0jvnyQ__thumb/img/X6V1M2nZOinTgwE0KIBfup_QrCw=/fit-in/200x150/filters:strip_icc()/pic4172124.png","lastmodified":"2024-03-27 12:17:04","numplays":"1"},{"id":"15987","name":"Arkham Horror","image":"https://cf.geekdo-images.com/9cJf4kd_HZQo6NunfJlo9w__original/img/YA5R2ZUV2Zwt_fgXIxu8bii3OJ0=/0x0/filters:format(jpeg)/pic175966.jpg","thumbnail":"https://cf.geekdo-images.com/9cJf4kd_HZQo6NunfJlo9w__thumb/img/6VzhMMmGOxNTCHQ-8iFdn5vINis=/fit-in/200x150/filters:strip_icc()/pic175966.jpg","lastmodified":"2022-02-22 11:05:06","numplays":"4"},{"id":"21059","name":"Arkham Horror: Dunwich Horror Expansion","image":"https://cf.geekdo-images.com/SD4sueZ3S8iL1RlZIq-u_A__original/img/4cSN2FgX87isFO8723Qlm28te-A=/0x0/filters:format(jpeg)/pic114495.jpg","thumbnail":"https://cf.geekdo-images.com/SD4sueZ3S8iL1RlZIq-u_A__thumb/img/RpKj-u4cqnpskpB_QEEpwdEEUA0=/fit-in/200x150/filters:strip_icc()/pic114495.jpg","lastmodified":"2009-02-16 02:19:56","numplays":"2"},{"id":"25945","name":"Arkham Horror: The King in Yellow Expansion","image":"https://cf.geekdo-images.com/pfNqKrM-0NtxL2aCdfzwgg__original/img/GSmhoFARs9pHPTMg231nPPvO13Q=/0x0/filters:format(jpeg)/pic222480.jpg","thumbnail":"https://cf.geekdo-images.com/pfNqKrM-0NtxL2aCdfzwgg__thumb/img/msLVxhHV3WN-BoI5FKf5vAHj0Lo=/fit-in/200x150/filters:strip_icc()/pic222480.jpg","lastmodified":"2009-02-16 02:21:01","numplays":"2"},{"id":"362976","name":"Beacon Patrol","image":"https://cf.geekdo-images.com/9hDNHVLmorkaytg2ztLM6w__original/img/k5cnBMKBb94XWGhL0aEyYOlaWtQ=/0x0/filters:format(jpeg)/pic7439416.jpg","thumbnail":"https://cf.geekdo-images.com/9hDNHVLmorkaytg2ztLM6w__thumb/img/2dUdMpeeHEbAFEM9rOJOmkf_kjs=/fit-in/200x150/filters:strip_icc()/pic7439416.jpg","lastmodified":"2024-03-18 20:44:20","numplays":"2"},{"id":"228660","name":"Betrayal at Baldur's Gate","image":"https://cf.geekdo-images.com/O6TfqmDWCkJvZPZw6pcxpg__original/img/tkQGqsTWjyxc46gblN31CRP4JU4=/0x0/filters:format(png)/pic6552099.png","thumbnail":"https://cf.geekdo-images.com/O6TfqmDWCkJvZPZw6pcxpg__thumb/img/LqmZdde9lw05eGIfxYJZiF1DaYs=/fit-in/200x150/filters:strip_icc()/pic6552099.png","lastmodified":"2021-12-06 12:54:40","numplays":"0"},{"id":"10547","name":"Betrayal at House on the Hill","image":"https://cf.geekdo-images.com/lqmt2Oti_qJS65XqHcB8AA__original/img/7R6yYk8A2eUMmSDaxGjae5SceGI=/0x0/filters:format(png)/pic5146864.png","thumbnail":"https://cf.geekdo-images.com/lqmt2Oti_qJS65XqHcB8AA__thumb/img/EDOmDbRhLy4za2PHkJ5IbhNxZmk=/fit-in/200x150/filters:strip_icc()/pic5146864.png","lastmodified":"2022-02-22 11:04:53","numplays":"11"},{"id":"198452","name":"Betrayal at House on the Hill: Widow's Walk","image":"https://cf.geekdo-images.com/uFaPB9DYs2FUqQepaugnwg__original/img/soP-u2OD3Tu3d-ydwiqcCmmAwR0=/0x0/filters:format(jpeg)/pic4084221.jpg","thumbnail":"https://cf.geekdo-images.com/uFaPB9DYs2FUqQepaugnwg__thumb/img/z6z8daUO8zqOVFLyrNmgDEkX9aU=/fit-in/200x150/filters:strip_icc()/pic4084221.jpg","lastmodified":"2016-12-25 21:45:20","numplays":"0"},{"id":"240196","name":"Betrayal Legacy","image":"https://cf.geekdo-images.com/F4-UGFUM3FfVLWsgBgpFLQ__original/img/Deoe1xN_faxfkaGFNaG-7l4WPvI=/0x0/filters:format(jpeg)/pic4314964.jpg","thumbnail":"https://cf.geekdo-images.com/F4-UGFUM3FfVLWsgBgpFLQ__thumb/img/qaqVSOIHvE3mPWEgX_lP7e-6yM0=/fit-in/200x150/filters:strip_icc()/pic4314964.jpg","lastmodified":"2021-12-06 12:54:51","numplays":"0"},{"id":"46255","name":"Campaign Manager 2008","image":"https://cf.geekdo-images.com/w2AZs8NYbZyGIdjPI7B2WA__original/img/WmOIMlicGuHcvnqJaZIKFjCpxmY=/0x0/filters:format(jpeg)/pic565079.jpg","thumbnail":"https://cf.geekdo-images.com/w2AZs8NYbZyGIdjPI7B2WA__thumb/img/o5rmrdKnm4CVBJNqRQ0LawBRNvo=/fit-in/200x150/filters:strip_icc()/pic565079.jpg","lastmodified":"2022-10-25 12:23:03","numplays":"0"},{"id":"822","name":"Carcassonne","image":"https://cf.geekdo-images.com/okM0dq_bEXnbyQTOvHfwRA__original/img/aVZEXAI-cUtuunNfPhjeHlS4fwQ=/0x0/filters:format(png)/pic6544250.png","thumbnail":"https://cf.geekdo-images.com/okM0dq_bEXnbyQTOvHfwRA__thumb/img/88274KiOg94wziybVHyW8AeOiXg=/fit-in/200x150/filters:strip_icc()/pic6544250.png","lastmodified":"2024-06-07 14:28:10","numplays":"15"},{"id":"2993","name":"Carcassonne: Expansion 1 – Inns & Cathedrals","image":"https://cf.geekdo-images.com/g9q--tONTL86x2D4NKiM8g__original/img/r3cKL28WlWl1jNGzetER6B8A5hM=/0x0/filters:format(jpeg)/pic2659943.jpg","thumbnail":"https://cf.geekdo-images.com/g9q--tONTL86x2D4NKiM8g__thumb/img/opBzVTp4iK4LfozCr3doTYGwTHE=/fit-in/200x150/filters:strip_icc()/pic2659943.jpg","lastmodified":"2011-12-24 19:23:20","numplays":"6"},{"id":"5405","name":"Carcassonne: Expansion 2 – Traders & Builders","image":"https://cf.geekdo-images.com/BaBb91gSf9Lu7CA0Pa9sOg__original/img/NHZlKCrmmNLzmN8k5X4UAjfRWMI=/0x0/filters:format(jpeg)/pic2659946.jpg","thumbnail":"https://cf.geekdo-images.com/BaBb91gSf9Lu7CA0Pa9sOg__thumb/img/wKxqmMudEz0HaM7MEDKLbTVa1qE=/fit-in/200x150/filters:strip_icc()/pic2659946.jpg","lastmodified":"2024-03-27 12:17:24","numplays":"0"},{"id":"2807","name":"Catan: 5-6 Player Extension","image":"https://cf.geekdo-images.com/qGCU44UcimWPJ7BucwV1cg__original/img/QhVruHcW6bXg1mrWjwJxZrlGnbA=/0x0/filters:format(jpeg)/pic2420287.jpg","thumbnail":"https://cf.geekdo-images.com/qGCU44UcimWPJ7BucwV1cg__thumb/img/ygwdrGve0mcSEpxFThbyS2b5RcU=/fit-in/200x150/filters:strip_icc()/pic2420287.jpg","lastmodified":"2009-02-16 02:27:00","numplays":"0"},{"id":"178900","name":"Codenames","image":"https://cf.geekdo-images.com/F_KDEu0GjdClml8N7c8Imw__original/img/gcX_EfjsRpB5fI4Ug4XV73G4jGI=/0x0/filters:format(jpeg)/pic2582929.jpg","thumbnail":"https://cf.geekdo-images.com/F_KDEu0GjdClml8N7c8Imw__thumb/img/yl8iXxSNwguMeg3KkmfFO9SMVVc=/fit-in/200x150/filters:strip_icc()/pic2582929.jpg","lastmodified":"2022-02-22 11:07:44","numplays":"18"},{"id":"301628","name":"Codenames: Blizzard Edition","image":"https://cf.geekdo-images.com/DpDmqJnXlVEy8zvZpsq5-A__original/img/HPAKz8YVFrs9amB6wqgmsc8q36w=/0x0/filters:format(jpeg)/pic5228682.jpg","thumbnail":"https://cf.geekdo-images.com/DpDmqJnXlVEy8zvZpsq5-A__thumb/img/hxKPPxIowA-hW-O_lEw1-OThavI=/fit-in/200x150/filters:strip_icc()/pic5228682.jpg","lastmodified":"2022-02-22 11:08:34","numplays":"0"},{"id":"224037","name":"Codenames: Duet","image":"https://cf.geekdo-images.com/0d1EaMVmAiIBROI2QstFSQ__original/img/udyeiYgfDrEymxhfgtqODm0GwwA=/0x0/filters:format(jpeg)/pic3596681.jpg","thumbnail":"https://cf.geekdo-images.com/0d1EaMVmAiIBROI2QstFSQ__thumb/img/J-thZd7Pbbh1CE8QHcvEE4w8FBE=/fit-in/200x150/filters:strip_icc()/pic3596681.jpg","lastmodified":"2022-11-07 12:58:20","numplays":"4"},{"id":"198773","name":"Codenames: Pictures","image":"https://cf.geekdo-images.com/Q2u-Nk68Wb1iLjxh_dfsIg__original/img/i4FVjrk9TtmvVlVK7NtwRqgOxdQ=/0x0/filters:format(jpeg)/pic3476592.jpg","thumbnail":"https://cf.geekdo-images.com/Q2u-Nk68Wb1iLjxh_dfsIg__thumb/img/6-1EOESE196KVKw4xOJ5rge56j0=/fit-in/200x150/filters:strip_icc()/pic3476592.jpg","lastmodified":"2023-09-19 13:13:04","numplays":"2"},{"id":"5782","name":"Coloretto","image":"https://cf.geekdo-images.com/pd3qaiROSgTJ5js_0e4Nhw__original/img/W1cSDjB5Bi9bGhl3VRxQSP_Vw54=/0x0/filters:format(png)/pic6653783.png","thumbnail":"https://cf.geekdo-images.com/pd3qaiROSgTJ5js_0e4Nhw__thumb/img/SveyL9J1DT0hX4ucYWjRR6DMrbk=/fit-in/200x150/filters:strip_icc()/pic6653783.png","lastmodified":"2022-02-22 11:06:37","numplays":"9"},{"id":"158899","name":"Colt Express","image":"https://cf.geekdo-images.com/2HKX0QANk_DY7CIVK5O5fQ__original/img/okv8rhQupsrXsEJsovQ_BJV5hKA=/0x0/filters:format(jpeg)/pic2869710.jpg","thumbnail":"https://cf.geekdo-images.com/2HKX0QANk_DY7CIVK5O5fQ__thumb/img/zcjkqn_HYDIIyVAZaAxJIkurQRg=/fit-in/200x150/filters:strip_icc()/pic2869710.jpg","lastmodified":"2024-03-27 12:15:15","numplays":"2"},{"id":"131357","name":"Coup","image":"https://cf.geekdo-images.com/MWhSY_GOe2-bmlQ2rntSVg__original/img/ayAAWBK1rAEumARNmROsOtvqW-4=/0x0/filters:format(jpeg)/pic2016054.jpg","thumbnail":"https://cf.geekdo-images.com/MWhSY_GOe2-bmlQ2rntSVg__thumb/img/vuR_0PCX1w2EkjO_LbchOHZPOwU=/fit-in/200x150/filters:strip_icc()/pic2016054.jpg","lastmodified":"2013-12-07 10:58:54","numplays":"3"},{"id":"95234","name":"Cthulhu Gloom","image":"https://cf.geekdo-images.com/0NIPJMlzch7WpotTjqGykw__original/img/HjxJsD6u9oZAAx3VNtf_Plv1Yqk=/0x0/filters:format(jpeg)/pic1045316.jpg","thumbnail":"https://cf.geekdo-images.com/0NIPJMlzch7WpotTjqGykw__thumb/img/ujk5D2Jhrr2aEvR6coTP9ePAhRQ=/fit-in/200x150/filters:strip_icc()/pic1045316.jpg","lastmodified":"2022-02-22 11:15:48","numplays":"0"},{"id":"128462","name":"Cthulhu Gloom: Unpleasant Dreams","image":"https://cf.geekdo-images.com/Q9pjpgYBbeNbCfAmsu3eUA__original/img/EeP_nToQRLvisdUaVWeQJp8jC_c=/0x0/filters:format(jpeg)/pic1379540.jpg","thumbnail":"https://cf.geekdo-images.com/Q9pjpgYBbeNbCfAmsu3eUA__thumb/img/N_4Sw_QBi6Njky9o98aS7EiCAf8=/fit-in/200x150/filters:strip_icc()/pic1379540.jpg","lastmodified":"2024-03-27 12:18:08","numplays":"0"},{"id":"245476","name":"CuBirds","image":"https://cf.geekdo-images.com/FDBUwGFBkniyl8q4Alvq8A__original/img/PQee1I5tS1r2TjNXMj7XR6uCsxE=/0x0/filters:format(jpeg)/pic7491534.jpg","thumbnail":"https://cf.geekdo-images.com/FDBUwGFBkniyl8q4Alvq8A__thumb/img/EiGltQvI5VsmCSYYxjgD7kXY2eg=/fit-in/200x150/filters:strip_icc()/pic7491534.jpg","lastmodified":"2022-02-22 11:03:02","numplays":"2"},{"id":"66171","name":"Dragonheart","image":"https://cf.geekdo-images.com/zfEBn2RLGIlvTHGE-pSsCQ__original/img/vkakj9HTrOczSV9ed65oe855wP4=/0x0/filters:format(jpeg)/pic829248.jpg","thumbnail":"https://cf.geekdo-images.com/zfEBn2RLGIlvTHGE-pSsCQ__thumb/img/N2ZqQofBI2XhW9JRnJ-Vxb2AaXM=/fit-in/200x150/filters:strip_icc()/pic829248.jpg","lastmodified":"2022-02-22 11:07:11","numplays":"0"},{"id":"391086","name":"Everything Ever","image":"https://cf.geekdo-images.com/RUNCSL-F46NiJKGZEfGJcQ__original/img/sd_XgzlYsztk04xw7ttpA2HypCc=/0x0/filters:format(png)/pic7596302.png","thumbnail":"https://cf.geekdo-images.com/RUNCSL-F46NiJKGZEfGJcQ__thumb/img/89OB-7lClaJm4BbzxyczzWWYllA=/fit-in/200x150/filters:strip_icc()/pic7596302.png","lastmodified":"2024-04-02 14:30:20","numplays":"1"},{"id":"352574","name":"Fit to Print","image":"https://cf.geekdo-images.com/MbLJUbvoRI_AS-KGfIkmNQ__original/img/K2UI5_1m_hG1Pqbz01f084yRdjY=/0x0/filters:format(jpeg)/pic7161032.jpg","thumbnail":"https://cf.geekdo-images.com/MbLJUbvoRI_AS-KGfIkmNQ__thumb/img/c2yxjj2CSXC6Id97EIr3-H4Plpo=/fit-in/200x150/filters:strip_icc()/pic7161032.jpg","lastmodified":"2024-03-18 20:44:40","numplays":"0"},{"id":"92206","name":"Fluxx: BoardGameGeek Expansion","image":"https://cf.geekdo-images.com/Ib26Fe7hAEa9xftYkfi9tw__original/img/RbBolscs60TIpdgTHlLZGn5xjQ0=/0x0/filters:format(jpeg)/pic913985.jpg","thumbnail":"https://cf.geekdo-images.com/Ib26Fe7hAEa9xftYkfi9tw__thumb/img/73HIFfT2SXckDTO7LObvPvZ2UxU=/fit-in/200x150/filters:strip_icc()/pic913985.jpg","lastmodified":"2022-02-22 11:15:54","numplays":"0"},{"id":"221965","name":"The Fox in the Forest","image":"https://cf.geekdo-images.com/spcy6nvsfq-hxYgwEpmidQ__original/img/rXKH8tfISrTxPqUKCw1FXIDSBc0=/0x0/filters:format(jpeg)/pic3496085.jpg","thumbnail":"https://cf.geekdo-images.com/spcy6nvsfq-hxYgwEpmidQ__thumb/img/nR2TKxtWOVJR1OHD6hAF05IHuOI=/fit-in/200x150/filters:strip_icc()/pic3496085.jpg","lastmodified":"2021-12-17 15:21:30","numplays":"0"},{"id":"334011","name":"A Gentle Rain","image":"https://cf.geekdo-images.com/EqqXUmjIuGspHNwt1UnDEQ__original/img/zROVukvZZ-GZR2Rm8JfzLOzGKnE=/0x0/filters:format(png)/pic7769466.png","thumbnail":"https://cf.geekdo-images.com/EqqXUmjIuGspHNwt1UnDEQ__thumb/img/qKGfLe9Y83j2-UEzfRy1bIbNosI=/fit-in/200x150/filters:strip_icc()/pic7769466.png","lastmodified":"2022-02-22 11:08:26","numplays":"25"},{"id":"37628","name":"Haggis","image":"https://cf.geekdo-images.com/wirPJ4tfSDafd-TNhVr7eA__original/img/TGfmdsLs7evU3CnR99ksDMeRtCo=/0x0/filters:format(png)/pic7663518.png","thumbnail":"https://cf.geekdo-images.com/wirPJ4tfSDafd-TNhVr7eA__thumb/img/7GeVUG6MUHjKYAOOofU2zaeuLUc=/fit-in/200x150/filters:strip_icc()/pic7663518.png","lastmodified":"2022-02-22 11:16:26","numplays":"1"},{"id":"98778","name":"Hanabi","image":"https://cf.geekdo-images.com/JDVksMwfcqoem1k_xtZrOA__original/img/5vNHZiTEhK4aRDuGXv5KImp9cmQ=/0x0/filters:format(jpeg)/pic2007286.jpg","thumbnail":"https://cf.geekdo-images.com/JDVksMwfcqoem1k_xtZrOA__thumb/img/amCeCcEKhYGbVtDvpvIMnu3qTg0=/fit-in/200x150/filters:strip_icc()/pic2007286.jpg","lastmodified":"2021-12-17 18:56:56","numplays":"9"},{"id":"195314","name":"Herbaceous","image":"https://cf.geekdo-images.com/0HHqYFhJvOwk8Z0Dt-EvTA__original/img/PUZECnFJTnvhRL48lpUzR5TR48w=/0x0/filters:format(jpeg)/pic7083274.jpg","thumbnail":"https://cf.geekdo-images.com/0HHqYFhJvOwk8Z0Dt-EvTA__thumb/img/EwiBLR6QywbISk0aGe-Vya4zXws=/fit-in/200x150/filters:strip_icc()/pic7083274.jpg","lastmodified":"2023-12-14 22:14:48","numplays":"0"},{"id":"63888","name":"Innovation","image":"https://cf.geekdo-images.com/YBE-vyyYRANWO2NXSQQghg__original/img/-Ec777H5hg1pmx6kQ0PI2A9Iroc=/0x0/filters:format(png)/pic2966859.png","thumbnail":"https://cf.geekdo-images.com/YBE-vyyYRANWO2NXSQQghg__thumb/img/GmRDNEKangi2w4daNGHCQiH5h_I=/fit-in/200x150/filters:strip_icc()/pic2966859.png","lastmodified":"2022-02-22 11:06:47","numplays":"1"},{"id":"54043","name":"Jaipur","image":"https://cf.geekdo-images.com/_LTujSe_o16nvjDC-J0seA__original/img/zUnAdsgt4dCxvtoRDc_9DHbic0M=/0x0/filters:format(jpeg)/pic5100947.jpg","thumbnail":"https://cf.geekdo-images.com/_LTujSe_o16nvjDC-J0seA__thumb/img/82vhODfpxIT03BzW4NkisJ5Unzs=/fit-in/200x150/filters:strip_icc()/pic5100947.jpg","lastmodified":"2022-02-22 11:02:21","numplays":"1"},{"id":"107529","name":"Kingdom Builder","image":"https://cf.geekdo-images.com/kJOP_BICVX-88sKqFRh9PQ__original/img/2m6YJhA3JbYe1cNhybRtFJrRECw=/0x0/filters:format(jpeg)/pic1152359.jpg","thumbnail":"https://cf.geekdo-images.com/kJOP_BICVX-88sKqFRh9PQ__thumb/img/KwrWpSRncnCE0cEldldyVQ-0Cdk=/fit-in/200x150/filters:strip_icc()/pic1152359.jpg","lastmodified":"2013-02-18 17:25:15","numplays":"8"},{"id":"109141","name":"Kingdom Builder: Capitol","image":"https://cf.geekdo-images.com/CpEESO-OMjezTPMVyeLddQ__original/img/N6TB-OSqTmtJG1nsNDTyMDqUr1o=/0x0/filters:format(jpeg)/pic1102422.jpg","thumbnail":"https://cf.geekdo-images.com/CpEESO-OMjezTPMVyeLddQ__thumb/img/KF0ha39I0cUrLUki0PyvAlvBTJM=/fit-in/200x150/filters:strip_icc()/pic1102422.jpg","lastmodified":"2024-03-27 12:17:50","numplays":"0"},{"id":"137396","name":"Kingdom Builder: Crossroads","image":"https://cf.geekdo-images.com/rqpI-ulKugcZDqstHEXBow__original/img/D4yOZ30DhIlXTQzRHFNPQ3l0lCY=/0x0/filters:format(jpeg)/pic1550248.jpg","thumbnail":"https://cf.geekdo-images.com/rqpI-ulKugcZDqstHEXBow__thumb/img/wgOlz14Kotu3Hqmh-EDxO41mYKM=/fit-in/200x150/filters:strip_icc()/pic1550248.jpg","lastmodified":"2024-03-27 12:17:48","numplays":"0"},{"id":"117793","name":"Kingdom Builder: Nomads","image":"https://cf.geekdo-images.com/vU9Qz3FgABkPweg9uEJuyQ__original/img/D7wiqu-RGoXK8wZvT5JzuU5RVLg=/0x0/filters:format(jpeg)/pic1200165.jpg","thumbnail":"https://cf.geekdo-images.com/vU9Qz3FgABkPweg9uEJuyQ__thumb/img/JLkC1qZG2dbOml34u0R0xc_Xmik=/fit-in/200x150/filters:strip_icc()/pic1200165.jpg","lastmodified":"2024-03-27 12:15:48","numplays":"1"},{"id":"160851","name":"Lanterns: The Harvest Festival","image":"https://cf.geekdo-images.com/JmY4nVWwW98qEn0NRbKdTw__original/img/a5OqnY-e8hhVO1IHp6wZKnXHWlY=/0x0/filters:format(png)/pic2372790.png","thumbnail":"https://cf.geekdo-images.com/JmY4nVWwW98qEn0NRbKdTw__thumb/img/qQuRUZQAineOCl4abLvZgPjnqTE=/fit-in/200x150/filters:strip_icc()/pic2372790.png","lastmodified":"2022-02-22 11:07:35","numplays":"4"},{"id":"378117","name":"The Last Lighthouse","image":"https://cf.geekdo-images.com/_Reifl4-lWnuepxut_b6uw__original/img/ViLM_TpaVpSp_mxEiGj1Ee0WR3k=/0x0/filters:format(png)/pic7803070.png","thumbnail":"https://cf.geekdo-images.com/_Reifl4-lWnuepxut_b6uw__thumb/img/TRjtsKU5PJydxx-pkfhjvSTKiuw=/fit-in/200x150/filters:strip_icc()/pic7803070.png","lastmodified":"2024-06-02 10:27:41","numplays":"1"},{"id":"410657","name":"The Last Lighthouse: Long Nights","image":"https://cf.geekdo-images.com/4du65qY6LRC-vRahSM76-A__original/img/V5OiBzshFfZVCXjkkRtie3rIP6M=/0x0/filters:format(png)/pic8115468.png","thumbnail":"https://cf.geekdo-images.com/4du65qY6LRC-vRahSM76-A__thumb/img/JHD6xoVEfVqLOWUabssb8F4CMFo=/fit-in/200x150/filters:strip_icc()/pic8115468.png","lastmodified":"2024-06-02 10:28:01","numplays":"0"},{"id":"410656","name":"The Last Lighthouse: Strange Shores","image":"https://cf.geekdo-images.com/fZov3MafZNIT6LHVB8v7aw__original/img/Ipy0BdfAfBPLpOGFmpqyhHO0Q4k=/0x0/filters:format(png)/pic8115469.png","thumbnail":"https://cf.geekdo-images.com/fZov3MafZNIT6LHVB8v7aw__thumb/img/Lu_4qbq4p0qFLeBX4GouSWBwd_Y=/fit-in/200x150/filters:strip_icc()/pic8115469.png","lastmodified":"2024-06-02 10:28:04","numplays":"0"},{"id":"134453","name":"The Little Prince: Make Me a Planet","image":"https://cf.geekdo-images.com/qrSFj8YArH-rUAwpUaTpPw__original/img/hzOdnLpx_JUNrvKUyTHsv95J0q0=/0x0/filters:format(jpeg)/pic3083205.jpg","thumbnail":"https://cf.geekdo-images.com/qrSFj8YArH-rUAwpUaTpPw__thumb/img/S8jwzlcCFgk1UwU966TipcK0DQE=/fit-in/200x150/filters:strip_icc()/pic3083205.jpg","lastmodified":"2022-02-22 11:06:41","numplays":"11"},{"id":"173341","name":"Loopin' Chewie","image":"https://cf.geekdo-images.com/zIZD0L3xXX-jYSLgCRCsEw__original/img/BIF8Fjtnvg3Bcsxr5s1YrqIuYQE=/0x0/filters:format(jpeg)/pic2821272.jpg","thumbnail":"https://cf.geekdo-images.com/zIZD0L3xXX-jYSLgCRCsEw__thumb/img/PwNFRhKRMsUl-03tp39EBYrpjgk=/fit-in/200x150/filters:strip_icc()/pic2821272.jpg","lastmodified":"2022-07-25 15:39:41","numplays":"0"},{"id":"129622","name":"Love Letter","image":"https://cf.geekdo-images.com/T1ltXwapFUtghS9A7_tf4g__original/img/xIAzJY7rl-mtPStRZSqnTVsAr8Y=/0x0/filters:format(jpeg)/pic1401448.jpg","thumbnail":"https://cf.geekdo-images.com/T1ltXwapFUtghS9A7_tf4g__thumb/img/GtNX7gCmGpw39Tr6JApWC3Aga5U=/fit-in/200x150/filters:strip_icc()/pic1401448.jpg","lastmodified":"2015-02-28 10:43:06","numplays":"10"},{"id":"118247","name":"Lucky Numbers","image":"https://cf.geekdo-images.com/254SXVeOngtdjf8SBFEUNg__original/img/nMXQaLidez7ePmk3tZYz_7-f2EI=/0x0/filters:format(jpeg)/pic5646606.jpg","thumbnail":"https://cf.geekdo-images.com/254SXVeOngtdjf8SBFEUNg__thumb/img/p5QUKwH4OYDPwTj3H67qSLXTka0=/fit-in/200x150/filters:strip_icc()/pic5646606.jpg","lastmodified":"2022-02-22 11:03:35","numplays":"1"},{"id":"91523","name":"Mondo","image":"https://cf.geekdo-images.com/DZiHZK3RAcM_kgfwJ8qPgg__original/img/-5dMxJCk88P3StBpQvBxK7CDSAA=/0x0/filters:format(jpeg)/pic1458279.jpg","thumbnail":"https://cf.geekdo-images.com/DZiHZK3RAcM_kgfwJ8qPgg__thumb/img/39LIPWGEDRG5ZQPNFG-3c2tPRvg=/fit-in/200x150/filters:strip_icc()/pic1458279.jpg","lastmodified":"2012-05-06 20:18:03","numplays":"13"},{"id":"164010","name":"Moriarty's Machinations","image":"https://cf.geekdo-images.com/wBQjkP58cKOZvYn8_bICSQ__original/img/2mcWCdzamdyQqTCr4jI02Brnka0=/0x0/filters:format(jpeg)/pic7644554.jpg","thumbnail":"https://cf.geekdo-images.com/wBQjkP58cKOZvYn8_bICSQ__thumb/img/yz8mROfIGUAukEdxRxMnef2SZ7E=/fit-in/200x150/filters:strip_icc()/pic7644554.jpg","lastmodified":"2015-07-19 09:55:32","numplays":"0"},{"id":"1927","name":"Munchkin","image":"https://cf.geekdo-images.com/J-ts3MW0UhDzs621TR6cog__original/img/FbqPPCilgZKND2xmhWJgkfjZiYE=/0x0/filters:format(jpeg)/pic1871016.jpg","thumbnail":"https://cf.geekdo-images.com/J-ts3MW0UhDzs621TR6cog__thumb/img/8hVkpMC5pDLr6ARI_4gI4N3aF5M=/fit-in/200x150/filters:strip_icc()/pic1871016.jpg","lastmodified":"2013-04-08 20:20:18","numplays":"5"},{"id":"3943","name":"Munchkin 2: Unnatural Axe","image":"https://cf.geekdo-images.com/aodU82mIunaDBUb8jC2RBQ__original/img/oKNR6agxKgVzTOQuCTmaKFGRwcc=/0x0/filters:format(jpeg)/pic2428682.jpg","thumbnail":"https://cf.geekdo-images.com/aodU82mIunaDBUb8jC2RBQ__thumb/img/xOTsGgAcjmNdRqkOiph0sMr_9VA=/fit-in/200x150/filters:strip_icc()/pic2428682.jpg","lastmodified":"2013-04-08 20:20:20","numplays":"5"},{"id":"6606","name":"Munchkin 3: Clerical Errors","image":"https://cf.geekdo-images.com/CQpxHBk-1l3mEwM7x6e_pA__original/img/PBrjXjRw36-nCPDg6zbRL7GNz1w=/0x0/filters:format(jpeg)/pic2428681.jpg","thumbnail":"https://cf.geekdo-images.com/CQpxHBk-1l3mEwM7x6e_pA__thumb/img/lGx0Q9DfSgD83D4rCL416FAz5MI=/fit-in/200x150/filters:strip_icc()/pic2428681.jpg","lastmodified":"2013-04-08 20:20:22","numplays":"5"},{"id":"20660","name":"Munchkin 4: The Need for Steed","image":"https://cf.geekdo-images.com/tL5l1KEBOZDnQ7CvBwUGzA__original/img/L2sDIic5-jpy0yFeMaixVkItpLw=/0x0/filters:format(jpeg)/pic2428686.jpg","thumbnail":"https://cf.geekdo-images.com/tL5l1KEBOZDnQ7CvBwUGzA__thumb/img/mc4dIKqSL0tvyxVhdAqisSH8DzU=/fit-in/200x150/filters:strip_icc()/pic2428686.jpg","lastmodified":"2013-04-08 20:20:23","numplays":"4"},{"id":"28327","name":"Munchkin 5: De-Ranged","image":"https://cf.geekdo-images.com/c24yJ4IDSDxo_gfUWH4fIQ__original/img/N8Xq9VU4epBJwiZCKMY57delDVY=/0x0/filters:format(jpeg)/pic2428687.jpg","thumbnail":"https://cf.geekdo-images.com/c24yJ4IDSDxo_gfUWH4fIQ__thumb/img/0Orvx8d09vBklYFPuzoyWBp0Oh4=/fit-in/200x150/filters:strip_icc()/pic2428687.jpg","lastmodified":"2013-04-08 20:20:25","numplays":"5"},{"id":"33493","name":"Munchkin 6: Demented Dungeons","image":"https://cf.geekdo-images.com/4iEPM57OZ95QVb2XidV9kA__original/img/2npVCEEQuWzhY2qvpEH8uHp_wU0=/0x0/filters:format(jpeg)/pic1130548.jpg","thumbnail":"https://cf.geekdo-images.com/4iEPM57OZ95QVb2XidV9kA__thumb/img/jUAqCJf0J4tXMRHlbU77zKmYff4=/fit-in/200x150/filters:strip_icc()/pic1130548.jpg","lastmodified":"2013-04-08 20:20:31","numplays":"3"},{"id":"37501","name":"Munchkin 7: More Good Cards","image":"https://cf.geekdo-images.com/P5q10pFDUb4w4xpsX-NZ4w__original/img/CXmg5uyTQi91wt_oWgWNAY8CKbw=/0x0/filters:format(jpeg)/pic357527.jpg","thumbnail":"https://cf.geekdo-images.com/P5q10pFDUb4w4xpsX-NZ4w__thumb/img/gf6aQTqMej1taZLJrHJtIrhoaEE=/fit-in/200x150/filters:strip_icc()/pic357527.jpg","lastmodified":"2013-04-08 20:20:34","numplays":"3"},{"id":"42436","name":"Munchkin Fairy Dust","image":"https://cf.geekdo-images.com/IIdWFHWPgzS-vGOKuC1U4w__original/img/NAF6jDjQ-fJX11X2HanRA9fKe5I=/0x0/filters:format(jpeg)/pic480525.jpg","thumbnail":"https://cf.geekdo-images.com/IIdWFHWPgzS-vGOKuC1U4w__thumb/img/Iy21_154YwwI33gbkcZWb9M6X38=/fit-in/200x150/filters:strip_icc()/pic480525.jpg","lastmodified":"2013-04-08 20:20:41","numplays":"1"},{"id":"80571","name":"Munchkin Reloaded!","image":"https://cf.geekdo-images.com/7rCeyARowlllpF_aA6P6Sg__original/img/qrllFC4BRnrLn93ujL031SHRzWU=/0x0/filters:format(jpeg)/pic813486.jpg","thumbnail":"https://cf.geekdo-images.com/7rCeyARowlllpF_aA6P6Sg__thumb/img/KRRsz-K4eBW2FtkaAFxnKRwXars=/fit-in/200x150/filters:strip_icc()/pic813486.jpg","lastmodified":"2022-02-22 11:15:52","numplays":"0"},{"id":"68942","name":"Munchkin: Marked For Death","image":"https://cf.geekdo-images.com/jE4Zq2F8IXygH11gN_NCYQ__original/img/p_iuZ8c8Bzs6NNLgg6e3-YkfD2k=/0x0/filters:format(jpeg)/pic2600704.jpg","thumbnail":"https://cf.geekdo-images.com/jE4Zq2F8IXygH11gN_NCYQ__thumb/img/7WJZVpjkPzYsg6Hy6e-fyiLTA8Y=/fit-in/200x150/filters:strip_icc()/pic2600704.jpg","lastmodified":"2022-02-22 11:15:57","numplays":"0"},{"id":"43894","name":"Munchkin: Waiting For Santa","image":"https://cf.geekdo-images.com/GUc1XqoZBtI2uqfv_pyN0A__original/img/cyA4CuejB_Bbc0joYyNLqvAdpzE=/0x0/filters:format(jpeg)/pic499248.jpg","thumbnail":"https://cf.geekdo-images.com/GUc1XqoZBtI2uqfv_pyN0A__thumb/img/Q8qVYqJMUJQ1GormL53-TmDHv-4=/fit-in/200x150/filters:strip_icc()/pic499248.jpg","lastmodified":"2013-04-08 20:20:52","numplays":"1"},{"id":"181304","name":"Mysterium","image":"https://cf.geekdo-images.com/wfeAiLK5n5hD1omhnlYLLA__original/img/uhvKoYDfAsLg-nMkjQcbSJTDFmU=/0x0/filters:format(jpeg)/pic2601683.jpg","thumbnail":"https://cf.geekdo-images.com/wfeAiLK5n5hD1omhnlYLLA__thumb/img/NAl-NrSAmWvklSVr3hKrSwiszNA=/fit-in/200x150/filters:strip_icc()/pic2601683.jpg","lastmodified":"2022-02-22 11:07:47","numplays":"2"},{"id":"66190","name":"New York","image":"https://cf.geekdo-images.com/RxSSHNFw-9do_xspRdOr4w__original/img/WONGaIXHfiaPcGyYkO1cScp_Ios=/0x0/filters:format(jpeg)/pic1118046.jpg","thumbnail":"https://cf.geekdo-images.com/RxSSHNFw-9do_xspRdOr4w__thumb/img/_hthJcbjJ2wVNTRo8US92uEhgjc=/fit-in/200x150/filters:strip_icc()/pic1118046.jpg","lastmodified":"2022-02-22 11:06:15","numplays":"1"},{"id":"12039","name":"Once Upon a Time: Dark Tales","image":"https://cf.geekdo-images.com/BG23trfnTUnj7Jkfm4kJzw__original/img/4K9q_MUvPMeeGpCBKIck-4v7KTM=/0x0/filters:format(jpeg)/pic190907.jpg","thumbnail":"https://cf.geekdo-images.com/BG23trfnTUnj7Jkfm4kJzw__thumb/img/lR2z3piVGcxbdXxKyxydXXj1faU=/fit-in/200x150/filters:strip_icc()/pic190907.jpg","lastmodified":"2010-01-02 20:09:18","numplays":"2"},{"id":"1234","name":"Once Upon a Time: The Storytelling Card Game","image":"https://cf.geekdo-images.com/IHYBF2QWcZwlYfH4doj06Q__original/img/YzblvnFHp0ez4tJGmtI4ywKJ2Cw=/0x0/filters:format(jpeg)/pic1494028.jpg","thumbnail":"https://cf.geekdo-images.com/IHYBF2QWcZwlYfH4doj06Q__thumb/img/XkT-0Bj73aLec9BYdqWSqIpIKis=/fit-in/200x150/filters:strip_icc()/pic1494028.jpg","lastmodified":"2009-02-16 02:26:01","numplays":"2"},{"id":"147949","name":"One Night Ultimate Werewolf","image":"https://cf.geekdo-images.com/KLDb0vR3w8mfaHgIGF0gHw__original/img/9YTYFSMwiRA01ZRNG0R5e9Rq01E=/0x0/filters:format(jpeg)/pic1809823.jpg","thumbnail":"https://cf.geekdo-images.com/KLDb0vR3w8mfaHgIGF0gHw__thumb/img/ZgQsHsvdxXZr4DbMGUBSTArBp3o=/fit-in/200x150/filters:strip_icc()/pic1809823.jpg","lastmodified":"2022-02-22 11:06:57","numplays":"54"},{"id":"5825","name":"Paris Paris","image":"https://cf.geekdo-images.com/FANN50qJ5O2kDm3E66NIwQ__original/img/-lZ2SEGwXCvfwQvboed8CI2HgmU=/0x0/filters:format(jpeg)/pic849528.jpg","thumbnail":"https://cf.geekdo-images.com/FANN50qJ5O2kDm3E66NIwQ__thumb/img/0X6ASX3koTt4NNmZpMAYHjrxsH8=/fit-in/200x150/filters:strip_icc()/pic849528.jpg","lastmodified":"2022-02-22 11:07:07","numplays":"3"},{"id":"41114","name":"The Resistance","image":"https://cf.geekdo-images.com/cAPTkL2BR3snLO71dkH8rw__original/img/_UahoIUTqh39xRqzCc2jwgdYbSA=/0x0/filters:format(jpeg)/pic2576459.jpg","thumbnail":"https://cf.geekdo-images.com/cAPTkL2BR3snLO71dkH8rw__thumb/img/5lDn1W82rlLXtVG7nPIYR9Orn-4=/fit-in/200x150/filters:strip_icc()/pic2576459.jpg","lastmodified":"2013-04-08 20:21:08","numplays":"9"},{"id":"128882","name":"The Resistance: Avalon","image":"https://cf.geekdo-images.com/LPa6rsGcv8S0-OeNjCOAEQ__original/img/AF8HHaIad1re-eg3kd9mlm2j_ss=/0x0/filters:format(jpeg)/pic1398895.jpg","thumbnail":"https://cf.geekdo-images.com/LPa6rsGcv8S0-OeNjCOAEQ__thumb/img/RKui79VjUbQAzTWaPu44ytupzDs=/fit-in/200x150/filters:strip_icc()/pic1398895.jpg","lastmodified":"2012-11-25 22:38:29","numplays":"13"},{"id":"180198","name":"Rolling America","image":"https://cf.geekdo-images.com/oxmhfPXiAZCnWQ2nBw2fpA__original/img/XNgGhaMfanxQ9_EUodkoSq2PXGA=/0x0/filters:format(jpeg)/pic2736928.jpg","thumbnail":"https://cf.geekdo-images.com/oxmhfPXiAZCnWQ2nBw2fpA__thumb/img/3OxxHpSUFHDMHAFHRJyKarTU12Y=/fit-in/200x150/filters:strip_icc()/pic2736928.jpg","lastmodified":"2022-02-22 11:08:11","numplays":"2"},{"id":"352591","name":"The Royal Limited","image":"https://cf.geekdo-images.com/AMrQErlzUmsE8ac8qxGe7w__original/img/1PTVDzkNSH2st01cwVBI2a8z6Ik=/0x0/filters:format(png)/pic7422259.png","thumbnail":"https://cf.geekdo-images.com/AMrQErlzUmsE8ac8qxGe7w__thumb/img/mNjJtAc0hnhMLt6yjNPAIrtjf-8=/fit-in/200x150/filters:strip_icc()/pic7422259.png","lastmodified":"2023-10-20 10:33:14","numplays":"0"},{"id":"383054","name":"The Royal Limited: Murder On Board","image":"https://cf.geekdo-images.com/yS6oxWjm33bbTk9f6f6aew__original/img/12IPvPa4oL4Ta8bdrd5UIaJP5vA=/0x0/filters:format(png)/pic8107210.png","thumbnail":"https://cf.geekdo-images.com/yS6oxWjm33bbTk9f6f6aew__thumb/img/0LxeyKdj1UydJGfGEnYEYlhDfIw=/fit-in/200x150/filters:strip_icc()/pic8107210.png","lastmodified":"2024-05-18 11:26:41","numplays":"0"},{"id":"383055","name":"The Royal Limited: Second Line","image":"https://cf.geekdo-images.com/ezVvh9wle4_KUISA2Gksbg__original/img/IlLLuUrcp0B8z-ppESfZm6N3D_I=/0x0/filters:format(png)/pic8107209.png","thumbnail":"https://cf.geekdo-images.com/ezVvh9wle4_KUISA2Gksbg__thumb/img/FTZzIbk8J-4IQIQlqc-TpHRxfgU=/fit-in/200x150/filters:strip_icc()/pic8107209.png","lastmodified":"2024-05-18 11:26:54","numplays":"0"},{"id":"1198","name":"SET","image":"https://cf.geekdo-images.com/uEtWO_Ag8OxbG6NkSZbH6A__original/img/io2YlTwg9Be3eNt5BgWOsvpjPVU=/0x0/filters:format(png)/pic7627182.png","thumbnail":"https://cf.geekdo-images.com/uEtWO_Ag8OxbG6NkSZbH6A__thumb/img/wElABDsqOCR3YjI1nInQqeNa-Lk=/fit-in/200x150/filters:strip_icc()/pic7627182.png","lastmodified":"2013-04-08 20:21:19","numplays":"4"},{"id":"13","name":"The Settlers of Catan","image":"https://cf.geekdo-images.com/_82k0XUTLdx15kqgoPrxrQ__original/img/uVyci2ZoB_LxpHld7eZyVrAUzrc=/0x0/filters:format(jpeg)/pic268839.jpg","thumbnail":"https://cf.geekdo-images.com/_82k0XUTLdx15kqgoPrxrQ__thumb/img/0d_FKj02hO3Zw8Hxyozq8eWWPvc=/fit-in/200x150/filters:strip_icc()/pic268839.jpg","lastmodified":"2022-02-12 17:53:19","numplays":"4"},{"id":"20247","name":"The Settlers of Catan: The Great River","image":"https://cf.geekdo-images.com/q1PVlv9lFb7Xh_cuxbkN1A__original/img/OTZLKWvxk6kg0Xqf8H-SGpKYUyY=/0x0/filters:format(jpeg)/pic162701.jpg","thumbnail":"https://cf.geekdo-images.com/q1PVlv9lFb7Xh_cuxbkN1A__thumb/img/yG578uSd3CVoXh5n3qIXd7JQGnM=/fit-in/200x150/filters:strip_icc()/pic162701.jpg","lastmodified":"2024-03-27 12:17:14","numplays":"0"},{"id":"15062","name":"Shadows over Camelot","image":"https://cf.geekdo-images.com/JYqwG_v1B3RhpB7NcmeDOA__original/img/_eAaG7PMaTcj1DpHbmUaOBTisoY=/0x0/filters:format(jpeg)/pic70547.jpg","thumbnail":"https://cf.geekdo-images.com/JYqwG_v1B3RhpB7NcmeDOA__thumb/img/QOG1zO0uvqxGTDF9V_OewVPMvNE=/fit-in/200x150/filters:strip_icc()/pic70547.jpg","lastmodified":"2022-02-22 11:04:43","numplays":"3"},{"id":"35704","name":"Shadows over Camelot: Merlin's Company","image":"https://cf.geekdo-images.com/6kuoyObh3-Drc_jrprCEdw__original/img/Rt_uO1xhCVn1cdBDVNolh7z01ks=/0x0/filters:format(jpeg)/pic602659.jpg","thumbnail":"https://cf.geekdo-images.com/6kuoyObh3-Drc_jrprCEdw__thumb/img/KEKPRLkKsKZQaSCZhyHWpxfMyzg=/fit-in/200x150/filters:strip_icc()/pic602659.jpg","lastmodified":"2022-02-22 11:04:46","numplays":"2"},{"id":"296345","name":"Sherlock Holmes Consulting Detective: The Baker Street Irregulars","image":"https://cf.geekdo-images.com/demwo7nCkIHbUcFohLwfsQ__original/img/rKRPGfBV4dKWehRNWBsEsM3RuWM=/0x0/filters:format(jpeg)/pic5198810.jpg","thumbnail":"https://cf.geekdo-images.com/demwo7nCkIHbUcFohLwfsQ__thumb/img/1OnuuguBS4FcheU9o0XLTQoGKj8=/fit-in/200x150/filters:strip_icc()/pic5198810.jpg","lastmodified":"2022-02-22 11:03:59","numplays":"3"},{"id":"40692","name":"Small World","image":"https://cf.geekdo-images.com/aoPM07XzoceB-RydLh08zA__original/img/bYLzrwZO9u-3h2wyU-PHc8aTOY4=/0x0/filters:format(jpeg)/pic428828.jpg","thumbnail":"https://cf.geekdo-images.com/aoPM07XzoceB-RydLh08zA__thumb/img/o3Bw9heVDJRgPYlI_PksCvLAgnM=/fit-in/200x150/filters:strip_icc()/pic428828.jpg","lastmodified":"2022-02-22 11:04:49","numplays":"8"},{"id":"97786","name":"Small World Underground","image":"https://cf.geekdo-images.com/qFmyurPNiCM8UPtP38mQpg__original/img/0464mabR0gCe0rmZCKpW-Y1RBWg=/0x0/filters:format(jpeg)/pic979889.jpg","thumbnail":"https://cf.geekdo-images.com/qFmyurPNiCM8UPtP38mQpg__thumb/img/wLG6hiX2QNkrZCG5bnZqLJB6Pio=/fit-in/200x150/filters:strip_icc()/pic979889.jpg","lastmodified":"2024-03-27 12:15:39","numplays":"1"},{"id":"81618","name":"Small World: Be Not Afraid...","image":"https://cf.geekdo-images.com/XxDZujpe4AR6yBkCHOS2JA__original/img/EbqbmWWCOdomsgsVHWICgPfCwEk=/0x0/filters:format(jpeg)/pic1134493.jpg","thumbnail":"https://cf.geekdo-images.com/XxDZujpe4AR6yBkCHOS2JA__thumb/img/8RmZYOboSYpwfBQ4ELq6TlJq6j0=/fit-in/200x150/filters:strip_icc()/pic1134493.jpg","lastmodified":"2024-03-27 12:17:18","numplays":"0"},{"id":"57072","name":"Small World: Cursed!","image":"https://cf.geekdo-images.com/hRDbH2HDLzrCmd9EZt1JGQ__original/img/EZJqR_EHbeBl_2K6pnxl9PaR80U=/0x0/filters:format(jpeg)/pic563285.jpg","thumbnail":"https://cf.geekdo-images.com/hRDbH2HDLzrCmd9EZt1JGQ__thumb/img/h_TSvzqD7nOX25wvdG-fdV2Zyro=/fit-in/200x150/filters:strip_icc()/pic563285.jpg","lastmodified":"2011-08-07 21:56:00","numplays":"1"},{"id":"57070","name":"Small World: Grand Dames of Small World","image":"https://cf.geekdo-images.com/AQi975M9FTsqLoxPu1e8aA__original/img/P9FHzll0SRCQtY7zt-69mFyBY2Y=/0x0/filters:format(jpeg)/pic563283.jpg","thumbnail":"https://cf.geekdo-images.com/AQi975M9FTsqLoxPu1e8aA__thumb/img/7hZDxVUq6BJrIu7QJUkgNT6si7w=/fit-in/200x150/filters:strip_icc()/pic563283.jpg","lastmodified":"2011-08-07 21:56:03","numplays":"2"},{"id":"60054","name":"Small World: Leaders of Small World","image":"https://cf.geekdo-images.com/4UwRNg-iMgklr9-zGh3OgQ__original/img/TuVJo9290fgB_j5gTDvtRt7B-_E=/0x0/filters:format(jpeg)/pic589620.jpg","thumbnail":"https://cf.geekdo-images.com/4UwRNg-iMgklr9-zGh3OgQ__thumb/img/fxKuFVM9HhgVwAf4MnzDDEtB-wM=/fit-in/200x150/filters:strip_icc()/pic589620.jpg","lastmodified":"2010-10-04 15:51:59","numplays":"1"},{"id":"84183","name":"Small World: Necromancer Island","image":"https://cf.geekdo-images.com/lhCDo5Dg7Nv8ZBOQKbBbfg__original/img/lnIE8ma_5e2uT5PGvx-fsnYfa4s=/0x0/filters:format(jpeg)/pic817425.jpg","thumbnail":"https://cf.geekdo-images.com/lhCDo5Dg7Nv8ZBOQKbBbfg__thumb/img/VhZ5bcD_2527K0hYK-cDBviEi24=/fit-in/200x150/filters:strip_icc()/pic817425.jpg","lastmodified":"2024-03-27 12:17:20","numplays":"0"},{"id":"122316","name":"Small World: Realms","image":"https://cf.geekdo-images.com/L2OVDTRECXkXObc5h75iMQ__original/img/6kwyRVIrgKO_hBCLiXJScug3oxA=/0x0/filters:format(jpeg)/pic1263419.jpg","thumbnail":"https://cf.geekdo-images.com/L2OVDTRECXkXObc5h75iMQ__thumb/img/s_Tijw_GwODEHDrS1oHyL4tEF1E=/fit-in/200x150/filters:strip_icc()/pic1263419.jpg","lastmodified":"2024-03-27 12:17:28","numplays":"0"},{"id":"71818","name":"Small World: Tales and Legends","image":"https://cf.geekdo-images.com/IfhSwwtUnufE_4vTESepeQ__original/img/xUFM2ygkjPeJMSIT6TBt4d_xp-c=/0x0/filters:format(jpeg)/pic728313.jpg","thumbnail":"https://cf.geekdo-images.com/IfhSwwtUnufE_4vTESepeQ__thumb/img/xOQhuhldN2Lio9l1Jh7WESlZe7Y=/fit-in/200x150/filters:strip_icc()/pic728313.jpg","lastmodified":"2024-03-27 12:17:16","numplays":"0"},{"id":"113289","name":"Snake Oil","image":"https://cf.geekdo-images.com/q-Sdv383LKSBIPOrSRb5Cg__original/img/_GNdgmgIOZH657Cmh9ETKxyUqm4=/0x0/filters:format(jpeg)/pic7617053.jpg","thumbnail":"https://cf.geekdo-images.com/q-Sdv383LKSBIPOrSRb5Cg__thumb/img/IgIpwCXKODgKV152brI3nH5Rwag=/fit-in/200x150/filters:strip_icc()/pic7617053.jpg","lastmodified":"2022-02-22 11:07:50","numplays":"1"},{"id":"344682","name":"The Split","image":"https://cf.geekdo-images.com/sZtguqUekjg1xyYXWklNGQ__original/img/I_L9JM1M5jgu13EI0FhIcdGBuHA=/0x0/filters:format(png)/pic6352257.png","thumbnail":"https://cf.geekdo-images.com/sZtguqUekjg1xyYXWklNGQ__thumb/img/AS9NVRK6fNO0jpdxN-l5QTRaWqc=/fit-in/200x150/filters:strip_icc()/pic6352257.png","lastmodified":"2021-12-04 21:16:47","numplays":"0"},{"id":"166384","name":"Spyfall","image":"https://cf.geekdo-images.com/Ehx72XRdSeQHISVXcZVnHg__original/img/bI3PgKtvAGiD59QYya-pqasF_tk=/0x0/filters:format(jpeg)/pic2453926.jpg","thumbnail":"https://cf.geekdo-images.com/Ehx72XRdSeQHISVXcZVnHg__thumb/img/sPJVWjzGcEpiseZGdoD6HNR9nRI=/fit-in/200x150/filters:strip_icc()/pic2453926.jpg","lastmodified":"2022-02-22 11:07:41","numplays":"5"},{"id":"332290","name":"Stardew Valley: The Board Game","image":"https://cf.geekdo-images.com/X1oNtZV5H5BxtxlsTGIsHA__original/img/xkYA7A3vJLA2wqkaRorXcHgjQDk=/0x0/filters:format(png)/pic6037615.png","thumbnail":"https://cf.geekdo-images.com/X1oNtZV5H5BxtxlsTGIsHA__thumb/img/wvQPqF45KlfnRB-Z4ESK9VXzZMM=/fit-in/200x150/filters:strip_icc()/pic6037615.png","lastmodified":"2024-03-27 12:17:00","numplays":"1"},{"id":"133473","name":"Sushi Go!","image":"https://cf.geekdo-images.com/Fn3PSPZVxa3YurlorITQ1Q__original/img/5vRsn2TT9eJmq27i9HtLWKpB_xs=/0x0/filters:format(jpeg)/pic1900075.jpg","thumbnail":"https://cf.geekdo-images.com/Fn3PSPZVxa3YurlorITQ1Q__thumb/img/6XF493O0tSyLyZP5ArlcZrOTMXQ=/fit-in/200x150/filters:strip_icc()/pic1900075.jpg","lastmodified":"2015-04-03 22:30:10","numplays":"12"},{"id":"39206","name":"Tac Tac Jack","image":"https://cf.geekdo-images.com/6TG4QXV3JmLsln11f72XXQ__original/img/Cd7AXhKDVniLOUYXdU1RZ26YH-0=/0x0/filters:format(png)/pic8499311.png","thumbnail":"https://cf.geekdo-images.com/6TG4QXV3JmLsln11f72XXQ__thumb/img/g2GglyKXfnWFJnjS057wW1Fpm7U=/fit-in/200x150/filters:strip_icc()/pic8499311.png","lastmodified":"2013-10-26 16:44:51","numplays":"15"},{"id":"288513","name":"Tranquility","image":"https://cf.geekdo-images.com/nQJ9Kr9BP7zdm__rSvrx3w__original/img/ryAqjh1RzofMQXC77hyqMFVpNV8=/0x0/filters:format(png)/pic6152802.png","thumbnail":"https://cf.geekdo-images.com/nQJ9Kr9BP7zdm__rSvrx3w__thumb/img/8YdbYqiyOw64OzqvXpWGzHb2Xr0=/fit-in/200x150/filters:strip_icc()/pic6152802.png","lastmodified":"2023-12-14 22:14:26","numplays":"0"},{"id":"2842","name":"TransAmerica","image":"https://cf.geekdo-images.com/yyyoLviq8AJABj7T7V5pgg__original/img/lz228lNP5atyitrd6QF9wwA5v5Q=/0x0/filters:format(jpeg)/pic1178136.jpg","thumbnail":"https://cf.geekdo-images.com/yyyoLviq8AJABj7T7V5pgg__thumb/img/J2InPiyNrRDiTLCNNvh1TZDJpOM=/fit-in/200x150/filters:strip_icc()/pic1178136.jpg","lastmodified":"2022-12-20 09:07:50","numplays":"6"},{"id":"38159","name":"Ultimate Werewolf: Ultimate Edition","image":"https://cf.geekdo-images.com/PoIvN70fNYdwgeaap0CKqw__original/img/FGE7u0tdcK8QeKuYQ6YBu7DTeAc=/0x0/filters:format(jpeg)/pic1849390.jpg","thumbnail":"https://cf.geekdo-images.com/PoIvN70fNYdwgeaap0CKqw__thumb/img/Xl_EuD2T09pr31MuKlfvPzvaspU=/fit-in/200x150/filters:strip_icc()/pic1849390.jpg","lastmodified":"2013-07-18 23:15:08","numplays":"31"},{"id":"331328","name":"Unsurmountable","image":"https://cf.geekdo-images.com/ONaHD5ZX_LnX2xdh0ClX_Q__original/img/Vg7pF1dRZzoAWyWRv444FP4hUJ8=/0x0/filters:format(png)/pic6385752.png","thumbnail":"https://cf.geekdo-images.com/ONaHD5ZX_LnX2xdh0ClX_Q__thumb/img/895tpWUSEAbb1tf4ko0ZQWGxscY=/fit-in/200x150/filters:strip_icc()/pic6385752.png","lastmodified":"2022-02-22 11:02:13","numplays":"7"},{"id":"346901","name":"Unsurmountable: Big Climb","image":"https://cf.geekdo-images.com/eaI6VFktgjjnVvSgy7qzfg__original/img/gRuV-jU8BEoP4w3S80G6_WFY4Wk=/0x0/filters:format(png)/pic6389816.png","thumbnail":"https://cf.geekdo-images.com/eaI6VFktgjjnVvSgy7qzfg__thumb/img/USRtQ0ZRI-P7v-smi_vrI1yfogk=/fit-in/200x150/filters:strip_icc()/pic6389816.png","lastmodified":"2022-01-02 20:12:50","numplays":"0"},{"id":"346902","name":"Unsurmountable: Dual Peaks","image":"https://cf.geekdo-images.com/AtrgNW2TDgA_0oEF8nqOQQ__original/img/jztgOJ1kga3O5B4Kz-cFmUv7TJI=/0x0/filters:format(png)/pic6389817.png","thumbnail":"https://cf.geekdo-images.com/AtrgNW2TDgA_0oEF8nqOQQ__thumb/img/tKM-4Srq4j7s5j4i-AinjSMuHfA=/fit-in/200x150/filters:strip_icc()/pic6389817.png","lastmodified":"2022-01-02 20:13:09","numplays":"0"},{"id":"311900","name":"Votes for Women","image":"https://cf.geekdo-images.com/RotpVPn98B5sDSS8VTzTJQ__original/img/wXzPP1T99-BfeEOj_yL4LHLq-FU=/0x0/filters:format(jpeg)/pic6430938.jpg","thumbnail":"https://cf.geekdo-images.com/RotpVPn98B5sDSS8VTzTJQ__thumb/img/WZ5C_84yftaJFU3oprFzDHIRgV0=/fit-in/200x150/filters:strip_icc()/pic6430938.jpg","lastmodified":"2024-01-04 12:23:39","numplays":"0"},{"id":"233867","name":"Welcome To...","image":"https://cf.geekdo-images.com/g4XmxyKhNVdhC3QPd1purQ__original/img/pb6XFQZFUNOr6OPysOHB3usVDFk=/0x0/filters:format(jpeg)/pic3761012.jpg","thumbnail":"https://cf.geekdo-images.com/g4XmxyKhNVdhC3QPd1purQ__thumb/img/e3bCyIvM1IOGFYnKGj2jIn5mbKY=/fit-in/200x150/filters:strip_icc()/pic3761012.jpg","lastmodified":"2022-02-22 11:03:16","numplays":"1"},{"id":"29387","name":"Zombie Fluxx","image":"https://cf.geekdo-images.com/XzqgCgBYVc0a92ZqZ9NjXw__original/img/56rU6cUhd-rm6FUBHC01mLu3aAw=/0x0/filters:format(jpeg)/pic254239.jpg","thumbnail":"https://cf.geekdo-images.com/XzqgCgBYVc0a92ZqZ9NjXw__thumb/img/T1d9LzE-cyQSSEu6piQ0VSzgLHI=/fit-in/200x150/filters:strip_icc()/pic254239.jpg","lastmodified":"2015-08-06 09:09:06","numplays":"8"}]}