{"timestamp":"2024-11-10T17:46:57.869Z","games":[{"id":"369548","name":"After Us","type":"boardgame","lastmodified":"2024-10-11 12:03:44","thumbnail":"https://cf.geekdo-images.com/0p98Q5dENk3sh9mqd3xM0w__thumb/img/o1EGwssgObCxAUjaBB_yKS4SXVs=/fit-in/200x150/filters:strip_icc()/pic7471323.png","link":"https://boardgamegeek.com/thing/369548","minPlayers":"1","maxPlayers":"6","bestAtCount":"3"},{"id":"239464","name":"Palm Island","type":"boardgame","lastmodified":"2024-09-24 15:05:54","thumbnail":"https://cf.geekdo-images.com/CPJhhXGPCPIIpsTh-p3UQQ__thumb/img/2N2T0qeyGfqLCy7egIYquhGhhHU=/fit-in/200x150/filters:strip_icc()/pic3995767.png","link":"https://boardgamegeek.com/thing/239464","minPlayers":"1","maxPlayers":"2","bestAtCount":"1"},{"id":"334590","name":"For Northwood! A Solo Trick-Taking Game","type":"boardgame","lastmodified":"2024-09-24 15:05:34","thumbnail":"https://cf.geekdo-images.com/3MdUGB8YD_jGTDyfbAnX9Q__thumb/img/c41bbBRd7BC3KKqLFdKb6URXzsA=/fit-in/200x150/filters:strip_icc()/pic6763912.png","link":"https://boardgamegeek.com/thing/334590","minPlayers":"1","maxPlayers":"1","bestAtCount":"1"},{"id":"332290","name":"Stardew Valley: The Board Game","type":"boardgame","lastmodified":"2024-09-03 14:23:19","thumbnail":"https://cf.geekdo-images.com/X1oNtZV5H5BxtxlsTGIsHA__thumb/img/wvQPqF45KlfnRB-Z4ESK9VXzZMM=/fit-in/200x150/filters:strip_icc()/pic6037615.png","link":"https://boardgamegeek.com/thing/332290","minPlayers":"1","maxPlayers":"4","bestAtCount":"2"},{"id":"266192","name":"Wingspan","type":"boardgame","lastmodified":"2024-09-03 14:22:00","thumbnail":"https://cf.geekdo-images.com/yLZJCVLlIx4c7eJEWUNJ7w__thumb/img/VNToqgS2-pOGU6MuvIkMPKn_y-s=/fit-in/200x150/filters:strip_icc()/pic4458123.jpg","link":"https://boardgamegeek.com/thing/266192","minPlayers":"1","maxPlayers":"5","bestAtCount":"3"},{"id":"91523","name":"Mondo","type":"boardgame","lastmodified":"2024-09-03 14:21:46","thumbnail":"https://cf.geekdo-images.com/DZiHZK3RAcM_kgfwJ8qPgg__thumb/img/39LIPWGEDRG5ZQPNFG-3c2tPRvg=/fit-in/200x150/filters:strip_icc()/pic1458279.jpg","link":"https://boardgamegeek.com/thing/91523","minPlayers":"1","maxPlayers":"4","bestAtCount":"4"},{"id":"220308","name":"Gaia Project","type":"boardgame","lastmodified":"2024-08-06 17:46:19","thumbnail":"https://cf.geekdo-images.com/hGWFm3hbMlCDsfCsauOQ4g__thumb/img/NNG7Ijyx4evp5gcVReis9i0koas=/fit-in/200x150/filters:strip_icc()/pic5375625.png","link":"https://boardgamegeek.com/thing/220308","minPlayers":"1","maxPlayers":"4","bestAtCount":"3"},{"id":"241831","name":"Reykholt","type":"boardgame","lastmodified":"2024-08-05 14:56:46","thumbnail":"https://cf.geekdo-images.com/wU53jsng9uxfxuAoIeTjDA__thumb/img/ShUtMDXzeruNkjbG9mgavx7Z2yw=/fit-in/200x150/filters:strip_icc()/pic3877054.jpg","link":"https://boardgamegeek.com/thing/241831","minPlayers":"1","maxPlayers":"4","bestAtCount":"3"},{"id":"356033","name":"Libertalia: Winds of Galecrest","type":"boardgame","lastmodified":"2024-06-17 13:43:59","thumbnail":"https://cf.geekdo-images.com/6e-V_Xb2IsAsMNXU18Fi6A__thumb/img/KJIHXXkkIU7R-oK5i9byIyGdfm4=/fit-in/200x150/filters:strip_icc()/pic6669033.jpg","link":"https://boardgamegeek.com/thing/356033","minPlayers":"1","maxPlayers":"6","bestAtCount":"4"},{"id":"276025","name":"Maracaibo","type":"boardgame","lastmodified":"2024-05-20 19:47:31","thumbnail":"https://cf.geekdo-images.com/rMNa0k05zMdKgSEp26Q3Tw__thumb/img/lVlnhYyxlZb3WuKZJHLoJcFHEjs=/fit-in/200x150/filters:strip_icc()/pic4917407.jpg","link":"https://boardgamegeek.com/thing/276025","minPlayers":"1","maxPlayers":"4","bestAtCount":"3"},{"id":"13","name":"CATAN","type":"boardgame","lastmodified":"2024-04-02 19:17:18","thumbnail":"https://cf.geekdo-images.com/W3Bsga_uLP9kO91gZ7H8yw__thumb/img/8a9HeqFydO7Uun_le9bXWPnidcA=/fit-in/200x150/filters:strip_icc()/pic2419375.jpg","link":"https://boardgamegeek.com/thing/13","minPlayers":"3","maxPlayers":"4","bestAtCount":"4"},{"id":"183660","name":"The 7th Continent: The Icy Maze","type":"boardgameexpansion","lastmodified":"2024-03-11 13:10:16","thumbnail":"https://cf.geekdo-images.com/mLn9y2W_I6gZzynsKnOC2A__thumb/img/2LTq9d6UpJtyVTwiTv9qo-4baNo=/fit-in/200x150/filters:strip_icc()/pic3723346.png","link":"https://boardgamegeek.com/thing/183660","minPlayers":"1","maxPlayers":"4","bestAtCount":"1"},{"id":"184186","name":"The 7th Continent: The Forbidden Sanctuary","type":"boardgameexpansion","lastmodified":"2024-03-11 13:10:14","thumbnail":"https://cf.geekdo-images.com/YLdWdjrb_Yzia6gxdX91yQ__thumb/img/Xai7hRvsVK9G-y7T7dFBLo_9BrY=/fit-in/200x150/filters:strip_icc()/pic3723344.png","link":"https://boardgamegeek.com/thing/184186","minPlayers":"1","maxPlayers":"4","bestAtCount":"1"},{"id":"184904","name":"The 7th Continent: Swamp of Madness","type":"boardgameexpansion","lastmodified":"2024-03-11 13:10:12","thumbnail":"https://cf.geekdo-images.com/FaWKlOmYyEoUNT5HY0UAEA__thumb/img/M1CddnmFzGrTuwEWqj4s25vWIHg=/fit-in/200x150/filters:strip_icc()/pic3723342.png","link":"https://boardgamegeek.com/thing/184904","minPlayers":"1","maxPlayers":"4","bestAtCount":"2"},{"id":"185743","name":"The 7th Continent: Path of Repentance","type":"boardgameexpansion","lastmodified":"2024-03-11 13:10:06","thumbnail":"https://cf.geekdo-images.com/KqQSA1nHrUo5q_gDiBnWJA__thumb/img/k4PXkAXZtDcsfpC1ijx-2t2eCG4=/fit-in/200x150/filters:strip_icc()/pic3723340.png","link":"https://boardgamegeek.com/thing/185743","minPlayers":"1","maxPlayers":"4","bestAtCount":"1"},{"id":"186381","name":"The 7th Continent: Fear the Devourers","type":"boardgameexpansion","lastmodified":"2024-03-11 13:10:00","thumbnail":"https://cf.geekdo-images.com/eR0kDP8doEvPD2e5FvXLuQ__thumb/img/igxxHTVNVpE4QKAYd6XyovdoEXY=/fit-in/200x150/filters:strip_icc()/pic3723336.png","link":"https://boardgamegeek.com/thing/186381","minPlayers":"1","maxPlayers":"4","bestAtCount":"2"},{"id":"186987","name":"The 7th Continent: Facing the Elements","type":"boardgameexpansion","lastmodified":"2024-03-11 13:09:58","thumbnail":"https://cf.geekdo-images.com/YXf1P_TfjRgQ_BMb39mH0A__thumb/img/BbMMUUT6SAbYXXngD1UY5VgDKUg=/fit-in/200x150/filters:strip_icc()/pic3723334.png","link":"https://boardgamegeek.com/thing/186987","minPlayers":"1","maxPlayers":"4","bestAtCount":"1"},{"id":"236854","name":"The 7th Continent: Comfort Creatures","type":"boardgameexpansion","lastmodified":"2024-03-11 13:09:54","thumbnail":"https://cf.geekdo-images.com/sGXQy-hckGzroXNyLbwKtw__thumb/img/qqAUVLTMYeCz2mIFl3O4-EW9TjA=/fit-in/200x150/filters:strip_icc()/pic4803369.jpg","link":"https://boardgamegeek.com/thing/236854","minPlayers":"1","maxPlayers":"4","bestAtCount":"1"},{"id":"237497","name":"The 7th Continent: The Flying Roots","type":"boardgameexpansion","lastmodified":"2024-03-11 13:09:51","thumbnail":"https://cf.geekdo-images.com/D6SFM0viOvX3vpglhpniUg__thumb/img/rZeB9RtBTUN3zlFmxBml3KQExCM=/fit-in/200x150/filters:strip_icc()/pic4803372.jpg","link":"https://boardgamegeek.com/thing/237497","minPlayers":"1","maxPlayers":"4","bestAtCount":"2"},{"id":"311177","name":"The 7th Continent: The Crystal's Song","type":"boardgameexpansion","lastmodified":"2024-03-11 13:09:48","thumbnail":"https://cf.geekdo-images.com/7EHeNrXey3Thml1B_L4IQA__thumb/img/s7U01RKMp7eQksPIMq_Efvu3N0Q=/fit-in/200x150/filters:strip_icc()/pic5473326.jpg","link":"https://boardgamegeek.com/thing/311177","minPlayers":"1","maxPlayers":"4","bestAtCount":"2"},{"id":"312513","name":"The 7th Continent: The Veins of the Earth","type":"boardgameexpansion","lastmodified":"2024-03-11 13:09:46","thumbnail":"https://cf.geekdo-images.com/0ugTQYET60XgomLpNRQGwg__thumb/img/mvKZ4llGh7OySDJ281hRObZhmZw=/fit-in/200x150/filters:strip_icc()/pic5673900.jpg","link":"https://boardgamegeek.com/thing/312513","minPlayers":"1","maxPlayers":"4","bestAtCount":"1"},{"id":"312514","name":"The 7th Continent: A Prison of Clouds","type":"boardgameexpansion","lastmodified":"2024-03-11 13:09:43","thumbnail":"https://cf.geekdo-images.com/HCfmwImN486HluA1zd27ZQ__thumb/img/7Pg7Q98v_TY-2OzeNw2qJRmNagY=/fit-in/200x150/filters:strip_icc()/pic5673865.jpg","link":"https://boardgamegeek.com/thing/312514","minPlayers":"1","maxPlayers":"4","bestAtCount":"1"},{"id":"312515","name":"The 7th Continent: Forgotten Passages","type":"boardgameexpansion","lastmodified":"2024-03-11 13:09:40","thumbnail":"https://cf.geekdo-images.com/xPw72ZrMVzK96vTi2PCOeQ__thumb/img/1hsura4fYxYCKfDeicLiJfzDpNw=/fit-in/200x150/filters:strip_icc()/pic5673875.jpg","link":"https://boardgamegeek.com/thing/312515","minPlayers":"1","maxPlayers":"4","bestAtCount":"1"},{"id":"283317","name":"The 7th Continent: Classic Edition","type":"boardgame","lastmodified":"2024-03-11 13:09:29","thumbnail":"https://cf.geekdo-images.com/8qaG9E7-WqvUhxFqh3GVow__thumb/img/6B_DFyF2QD46_DtBvFa5SN5fp8I=/fit-in/200x150/filters:strip_icc()/pic4834258.jpg","link":"https://boardgamegeek.com/thing/283317","minPlayers":"1","maxPlayers":"4","bestAtCount":"1"},{"id":"247763","name":"Underwater Cities","type":"boardgame","lastmodified":"2024-02-07 13:20:49","thumbnail":"https://cf.geekdo-images.com/PwOwTVHovJAUQgghnGqCOg__thumb/img/1gGYiRBx7W4wyLy826EHGTdjsKA=/fit-in/200x150/filters:strip_icc()/pic4837710.png","link":"https://boardgamegeek.com/thing/247763","minPlayers":"1","maxPlayers":"4","bestAtCount":"2"},{"id":"233867","name":"Welcome To...","type":"boardgame","lastmodified":"2024-02-07 13:20:39","thumbnail":"https://cf.geekdo-images.com/g4XmxyKhNVdhC3QPd1purQ__thumb/img/e3bCyIvM1IOGFYnKGj2jIn5mbKY=/fit-in/200x150/filters:strip_icc()/pic3761012.jpg","link":"https://boardgamegeek.com/thing/233867","minPlayers":"1","maxPlayers":"100","bestAtCount":"3"},{"id":"162886","name":"Spirit Island","type":"boardgame","lastmodified":"2024-02-07 13:20:12","thumbnail":"https://cf.geekdo-images.com/kjCm4ZvPjIZxS-mYgSPy1g__thumb/img/aUlIih2_R7P8IYKeyNl2heLQbu8=/fit-in/200x150/filters:strip_icc()/pic7013651.jpg","link":"https://boardgamegeek.com/thing/162886","minPlayers":"1","maxPlayers":"4","bestAtCount":"2"},{"id":"15818","name":"Pickomino","type":"boardgame","lastmodified":"2024-02-07 13:19:46","thumbnail":"https://cf.geekdo-images.com/gWIFE9exHsFPBwTlja41Yg__thumb/img/jNW2G8HUPK2a5L-W6dVniTF8XYo=/fit-in/200x150/filters:strip_icc()/pic2345051.jpg","link":"https://boardgamegeek.com/thing/15818","minPlayers":"2","maxPlayers":"7","bestAtCount":"3"},{"id":"163412","name":"Patchwork","type":"boardgame","lastmodified":"2024-02-07 13:19:38","thumbnail":"https://cf.geekdo-images.com/wLW7pFn0--20lEizEz5p3A__thumb/img/P49TUiytgjmRAtKsfO7Y3yU_xic=/fit-in/200x150/filters:strip_icc()/pic2270442.jpg","link":"https://boardgamegeek.com/thing/163412","minPlayers":"2","maxPlayers":"2","bestAtCount":"2"},{"id":"266524","name":"PARKS","type":"boardgame","lastmodified":"2024-02-07 13:19:31","thumbnail":"https://cf.geekdo-images.com/mF2cSNRk2O6HtE45Sl9TcA__thumb/img/K2AgL-KE_CTcvwahWd7zlt9YR0U=/fit-in/200x150/filters:strip_icc()/pic4852372.jpg","link":"https://boardgamegeek.com/thing/266524","minPlayers":"1","maxPlayers":"5","bestAtCount":"3"},{"id":"29839","name":"Key Harvest","type":"boardgame","lastmodified":"2024-02-07 13:18:55","thumbnail":"https://cf.geekdo-images.com/Z0XUOK08tRPSL9t6AypO2w__thumb/img/FSjEPxttSY8rvIxQzj6Th8cwrfM=/fit-in/200x150/filters:strip_icc()/pic217481.jpg","link":"https://boardgamegeek.com/thing/29839","minPlayers":"2","maxPlayers":"4","bestAtCount":"3"},{"id":"176494","name":"Isle of Skye: From Chieftain to King","type":"boardgame","lastmodified":"2024-02-07 13:18:47","thumbnail":"https://cf.geekdo-images.com/GCxsnITFBO1pNXiBYkq_qA__thumb/img/0BJUretj0lJj09f2JjDGrQzmakI=/fit-in/200x150/filters:strip_icc()/pic2524838.jpg","link":"https://boardgamegeek.com/thing/176494","minPlayers":"2","maxPlayers":"5","bestAtCount":"3"},{"id":"63888","name":"Innovation","type":"boardgame","lastmodified":"2024-02-07 13:18:38","thumbnail":"https://cf.geekdo-images.com/YBE-vyyYRANWO2NXSQQghg__thumb/img/GmRDNEKangi2w4daNGHCQiH5h_I=/fit-in/200x150/filters:strip_icc()/pic2966859.png","link":"https://boardgamegeek.com/thing/63888","minPlayers":"2","maxPlayers":"4","bestAtCount":"2"},{"id":"116","name":"Guillotine","type":"boardgame","lastmodified":"2024-02-07 13:18:24","thumbnail":"https://cf.geekdo-images.com/9gdaUHNTcgv8RhFhG0kzBw__thumb/img/9KfEtRGEfW5Q7Mv_0JbyKQ-oox0=/fit-in/200x150/filters:strip_icc()/pic143139.jpg","link":"https://boardgamegeek.com/thing/116","minPlayers":"2","maxPlayers":"5","bestAtCount":"4"},{"id":"175914","name":"Food Chain Magnate","type":"boardgame","lastmodified":"2024-02-07 13:17:58","thumbnail":"https://cf.geekdo-images.com/Wtxml94LAXsIWQCxGPS63Q__thumb/img/LKU2KoMev222qUIKyNqaCF_ZLPY=/fit-in/200x150/filters:strip_icc()/pic2649434.png","link":"https://boardgamegeek.com/thing/175914","minPlayers":"2","maxPlayers":"5","bestAtCount":"3"},{"id":"5782","name":"Coloretto","type":"boardgame","lastmodified":"2024-02-07 13:17:10","thumbnail":"https://cf.geekdo-images.com/pd3qaiROSgTJ5js_0e4Nhw__thumb/img/SveyL9J1DT0hX4ucYWjRR6DMrbk=/fit-in/200x150/filters:strip_icc()/pic6653783.png","link":"https://boardgamegeek.com/thing/5782","minPlayers":"2","maxPlayers":"5","bestAtCount":"4"},{"id":"198773","name":"Codenames: Pictures","type":"boardgame","lastmodified":"2024-02-07 13:17:04","thumbnail":"https://cf.geekdo-images.com/Q2u-Nk68Wb1iLjxh_dfsIg__thumb/img/6-1EOESE196KVKw4xOJ5rge56j0=/fit-in/200x150/filters:strip_icc()/pic3476592.jpg","link":"https://boardgamegeek.com/thing/198773","minPlayers":"2","maxPlayers":"8","bestAtCount":"6"},{"id":"224037","name":"Codenames: Duet","type":"boardgame","lastmodified":"2024-02-07 13:16:56","thumbnail":"https://cf.geekdo-images.com/0d1EaMVmAiIBROI2QstFSQ__thumb/img/J-thZd7Pbbh1CE8QHcvEE4w8FBE=/fit-in/200x150/filters:strip_icc()/pic3596681.jpg","link":"https://boardgamegeek.com/thing/224037","minPlayers":"2","maxPlayers":"2","bestAtCount":"2"},{"id":"178900","name":"Codenames","type":"boardgame","lastmodified":"2024-02-07 13:16:49","thumbnail":"https://cf.geekdo-images.com/F_KDEu0GjdClml8N7c8Imw__thumb/img/yl8iXxSNwguMeg3KkmfFO9SMVVc=/fit-in/200x150/filters:strip_icc()/pic2582929.jpg","link":"https://boardgamegeek.com/thing/178900","minPlayers":"2","maxPlayers":"8","bestAtCount":"6"},{"id":"214","name":"Café International","type":"boardgame","lastmodified":"2024-02-07 13:16:23","thumbnail":"https://cf.geekdo-images.com/VieUvCI62VUhQ9C4agum3A__thumb/img/dZ4v6yOOU5E-oPFK0UbqBGoXyzU=/fit-in/200x150/filters:strip_icc()/pic3987975.png","link":"https://boardgamegeek.com/thing/214","minPlayers":"2","maxPlayers":"4","bestAtCount":"4"},{"id":"342942","name":"Ark Nova","type":"boardgame","lastmodified":"2024-02-07 13:16:05","thumbnail":"https://cf.geekdo-images.com/SoU8p28Sk1s8MSvoM4N8pQ__thumb/img/4KuHNTWSMPf8vTNDKSRMMI3oOv8=/fit-in/200x150/filters:strip_icc()/pic6293412.jpg","link":"https://boardgamegeek.com/thing/342942","minPlayers":"1","maxPlayers":"4","bestAtCount":"2"},{"id":"174430","name":"Gloomhaven","type":"boardgame","lastmodified":"2024-02-07 13:15:49","thumbnail":"https://cf.geekdo-images.com/sZYp_3BTDGjh2unaZfZmuA__thumb/img/veqFeP4d_3zNhFc3GNBkV95rBEQ=/fit-in/200x150/filters:strip_icc()/pic2437871.jpg","link":"https://boardgamegeek.com/thing/174430","minPlayers":"1","maxPlayers":"4","bestAtCount":"3"},{"id":"172","name":"For Sale","type":"boardgame","lastmodified":"2024-02-07 13:15:39","thumbnail":"https://cf.geekdo-images.com/dJh9HkZC346NgPTAicJq_A__thumb/img/3cgW5aP-JJeKSpZMjA0NFheMnfY=/fit-in/200x150/filters:strip_icc()/pic1513085.jpg","link":"https://boardgamegeek.com/thing/172","minPlayers":"3","maxPlayers":"6","bestAtCount":"5"},{"id":"358557","name":"The Search for Lost Species","type":"boardgame","lastmodified":"2024-02-07 13:14:37","thumbnail":"https://cf.geekdo-images.com/-VyojGLJ9XYN1b-V2ODCHg__thumb/img/NbCa0ypa0yjqB7uTZKtOgCYcEqI=/fit-in/200x150/filters:strip_icc()/pic6740248.jpg","link":"https://boardgamegeek.com/thing/358557","minPlayers":"1","maxPlayers":"4","bestAtCount":"2"},{"id":"279537","name":"The Search for Planet X","type":"boardgame","lastmodified":"2024-02-07 13:14:28","thumbnail":"https://cf.geekdo-images.com/NItjtztEUAKOpaTWZddu9A__thumb/img/x8YD4cAVOAbSDsZbmKgU0-WQ9wI=/fit-in/200x150/filters:strip_icc()/pic5744928.jpg","link":"https://boardgamegeek.com/thing/279537","minPlayers":"1","maxPlayers":"4","bestAtCount":"2"},{"id":"269207","name":"The Taverns of Tiefenthal","type":"boardgame","lastmodified":"2024-02-07 13:14:17","thumbnail":"https://cf.geekdo-images.com/H-AU-nhjCbaxWlWj_O-eFw__thumb/img/K_cH8KNrKA2FdgvqtUMubNvoRQU=/fit-in/200x150/filters:strip_icc()/pic4873141.jpg","link":"https://boardgamegeek.com/thing/269207","minPlayers":"2","maxPlayers":"4","bestAtCount":"2"},{"id":"400314","name":"Apiary","type":"boardgame","lastmodified":"2024-02-07 13:14:06","thumbnail":"https://cf.geekdo-images.com/dT1vJbUizZFmJAphKg-byA__thumb/img/X3_vUM9wGDabo0Goc3iCZE7IfWM=/fit-in/200x150/filters:strip_icc()/pic7720813.png","link":"https://boardgamegeek.com/thing/400314","minPlayers":"1","maxPlayers":"5","bestAtCount":"3"},{"id":"368158","name":"Ark Nova: Zoo Map Pack 1","type":"boardgameexpansion","lastmodified":"2024-02-07 13:13:48","thumbnail":"https://cf.geekdo-images.com/XtY99AlaiCKEClca1ShawA__thumb/img/JJJ-tXfmudn-xCJvkfyFjnURs-Q=/fit-in/200x150/filters:strip_icc()/pic6991687.jpg","link":"https://boardgamegeek.com/thing/368158","minPlayers":"1","maxPlayers":"4","bestAtCount":"2"},{"id":"368966","name":"Ark Nova: Marine Worlds","type":"boardgameexpansion","lastmodified":"2024-02-07 13:13:39","thumbnail":"https://cf.geekdo-images.com/MBZVrviRAR8NbW6LyUYE-w__thumb/img/3ICKvyfg4RD3R-x4drFAGOjUrj4=/fit-in/200x150/filters:strip_icc()/pic7501708.jpg","link":"https://boardgamegeek.com/thing/368966","minPlayers":"1","maxPlayers":"4","bestAtCount":"2"},{"id":"336986","name":"Flamecraft","type":"boardgame","lastmodified":"2024-02-07 13:13:20","thumbnail":"https://cf.geekdo-images.com/EvGtnsBDcfnKiqSiXHothQ__thumb/img/bQcyvzYRdMFFvcdQkFVnIRiCPjE=/fit-in/200x150/filters:strip_icc()/pic6605448.jpg","link":"https://boardgamegeek.com/thing/336986","minPlayers":"1","maxPlayers":"5","bestAtCount":"3"},{"id":"254640","name":"Just One","type":"boardgame","lastmodified":"2024-02-07 13:13:11","thumbnail":"https://cf.geekdo-images.com/qKcKjHpzAvLddwBhyindag__thumb/img/HhZu2qLp9wyX9PNgvmDE8_hCl-0=/fit-in/200x150/filters:strip_icc()/pic4268499.jpg","link":"https://boardgamegeek.com/thing/254640","minPlayers":"3","maxPlayers":"7","bestAtCount":"6"},{"id":"310632","name":"Dice Miner","type":"boardgame","lastmodified":"2024-02-07 13:12:58","thumbnail":"https://cf.geekdo-images.com/K03e7G5PaII4S5ILIWPNfw__thumb/img/qfEKfhMLEFqXYQAtcbOTEcfhSGo=/fit-in/200x150/filters:strip_icc()/pic5440150.jpg","link":"https://boardgamegeek.com/thing/310632","minPlayers":"1","maxPlayers":"4","bestAtCount":"2"},{"id":"255823","name":"Mansions of Madness: Second Edition – Horrific Journeys: Expansion","type":"boardgameexpansion","lastmodified":"2024-02-07 13:12:47","thumbnail":"https://cf.geekdo-images.com/hNnUKtD33BHttK0Ec52gqA__thumb/img/e9QAiXTkEBJuNjboxeYs_Ys1hjY=/fit-in/200x150/filters:strip_icc()/pic4269709.jpg","link":"https://boardgamegeek.com/thing/255823","minPlayers":"1","maxPlayers":"5","bestAtCount":"3"},{"id":"321608","name":"Hegemony: Lead Your Class to Victory","type":"boardgame","lastmodified":"2024-02-07 13:12:29","thumbnail":"https://cf.geekdo-images.com/DCLgJlrvB-EqL6A3WgQLMQ__thumb/img/9yp6ANJx6cqdQqQ6hkNr3zA88vw=/fit-in/200x150/filters:strip_icc()/pic5715770.jpg","link":"https://boardgamegeek.com/thing/321608","minPlayers":"2","maxPlayers":"4","bestAtCount":"4"},{"id":"248591","name":"Dinosaur Island: Totally Liquid","type":"boardgameexpansion","lastmodified":"2024-02-07 13:12:13","thumbnail":"https://cf.geekdo-images.com/ua6A8K1kW5MishcBfq9H1g__thumb/img/Neloa2LgkG91rBHQSuO8-feWeao=/fit-in/200x150/filters:strip_icc()/pic4033324.jpg","link":"https://boardgamegeek.com/thing/248591","minPlayers":"1","maxPlayers":"5","bestAtCount":"3"},{"id":"322383","name":"Dinosaur World: Ice Age Pack","type":"boardgameexpansion","lastmodified":"2024-02-07 13:11:52","thumbnail":"https://cf.geekdo-images.com/XF7daeMEDkg3KNYH0duy0g__thumb/img/5EOvwZMwsj9QfaciyOftQcGLRhU=/fit-in/200x150/filters:strip_icc()/pic6276103.png","link":"https://boardgamegeek.com/thing/322383","minPlayers":"2","maxPlayers":"4","bestAtCount":"N/A"},{"id":"321336","name":"Dinosaur World: Water Pack","type":"boardgameexpansion","lastmodified":"2024-02-07 13:11:39","thumbnail":"https://cf.geekdo-images.com/yeRPZjXf0Y5LQwp_GlAGHQ__thumb/img/X9BQZncWhm_E60YrGMyNEbkvUXE=/fit-in/200x150/filters:strip_icc()/pic6276105.png","link":"https://boardgamegeek.com/thing/321336","minPlayers":"2","maxPlayers":"4","bestAtCount":"N/A"},{"id":"321109","name":"Dinosaur World: Hybrid Pack","type":"boardgameexpansion","lastmodified":"2024-02-07 13:11:25","thumbnail":"https://cf.geekdo-images.com/XO1NsVzhX-Rot7qsrKOw7Q__thumb/img/0rYaQHjbrKRQsacXbYFl4-NVHa4=/fit-in/200x150/filters:strip_icc()/pic6276100.png","link":"https://boardgamegeek.com/thing/321109","minPlayers":"2","maxPlayers":"4","bestAtCount":"N/A"},{"id":"347524","name":"Dinosaur World: Add On Pack","type":"boardgameexpansion","lastmodified":"2024-02-07 13:11:10","thumbnail":"https://cf.geekdo-images.com/Y64c43vzrzx1Vyl0ekgKUA__thumb/img/tKldDD9IkNTZxedXujRgdb8s7uA=/fit-in/200x150/filters:strip_icc()/pic6404315.png","link":"https://boardgamegeek.com/thing/347524","minPlayers":"1","maxPlayers":"4","bestAtCount":"N/A"},{"id":"317457","name":"Dinosaur World","type":"boardgame","lastmodified":"2024-02-07 13:11:00","thumbnail":"https://cf.geekdo-images.com/q-CvtJOYWZQDw1tuOdDd4Q__thumb/img/JmOmFgjBhY0rc1ejk7z7Cw1o9Dw=/fit-in/200x150/filters:strip_icc()/pic6020854.jpg","link":"https://boardgamegeek.com/thing/317457","minPlayers":"2","maxPlayers":"4","bestAtCount":"3"},{"id":"306735","name":"Under Falling Skies","type":"boardgame","lastmodified":"2024-02-07 13:10:48","thumbnail":"https://cf.geekdo-images.com/ecO5eAd3RkctQ0-Tbqv37Q__thumb/img/uxrJLWxvi-f8CGbDpxQBStzvGes=/fit-in/200x150/filters:strip_icc()/pic5428723.jpg","link":"https://boardgamegeek.com/thing/306735","minPlayers":"1","maxPlayers":"1","bestAtCount":"1"},{"id":"283797","name":"Exit: The Game – The Stormy Flight","type":"boardgame","lastmodified":"2024-02-07 13:10:36","thumbnail":"https://cf.geekdo-images.com/7kTyrflx3HjvkIHzkTCSkA__thumb/img/Ouy7YOo9Tu9UvDlXvDYH6gYz744=/fit-in/200x150/filters:strip_icc()/pic5300129.jpg","link":"https://boardgamegeek.com/thing/283797","minPlayers":"1","maxPlayers":"4","bestAtCount":"2"},{"id":"245934","name":"Carpe Diem","type":"boardgame","lastmodified":"2024-02-07 13:10:23","thumbnail":"https://cf.geekdo-images.com/fsjopscDFCVArzU7fzhVxA__thumb/img/6Yu-lVdkDTrICD1y5ZqNmzHZEsc=/fit-in/200x150/filters:strip_icc()/pic6183704.jpg","link":"https://boardgamegeek.com/thing/245934","minPlayers":"2","maxPlayers":"4","bestAtCount":"3"},{"id":"302723","name":"Forgotten Waters","type":"boardgame","lastmodified":"2024-02-07 13:10:13","thumbnail":"https://cf.geekdo-images.com/gLnzfyJio2MYbG9J-uQSiQ__thumb/img/Th5Wf0ynMEA14i06HUSqzz-8g24=/fit-in/200x150/filters:strip_icc()/pic5253984.jpg","link":"https://boardgamegeek.com/thing/302723","minPlayers":"3","maxPlayers":"7","bestAtCount":"5"},{"id":"366994","name":"Bonsai","type":"boardgame","lastmodified":"2024-02-07 13:09:49","thumbnail":"https://cf.geekdo-images.com/7Bm5_VZARWmb5sa2Vd-9nQ__thumb/img/netlb06OfwpKM-22kVT9klcvC6I=/fit-in/200x150/filters:strip_icc()/pic6961607.png","link":"https://boardgamegeek.com/thing/366994","minPlayers":"1","maxPlayers":"4","bestAtCount":"3"},{"id":"187104","name":"4 Gods","type":"boardgame","lastmodified":"2024-02-07 13:09:28","thumbnail":"https://cf.geekdo-images.com/0swUg4xR-G-KkNwMp_Ag0Q__thumb/img/XscRazKa06wyD0yOQat-kXR1j58=/fit-in/200x150/filters:strip_icc()/pic3109082.jpg","link":"https://boardgamegeek.com/thing/187104","minPlayers":"2","maxPlayers":"4","bestAtCount":"4"},{"id":"355483","name":"Wandering Towers","type":"boardgame","lastmodified":"2024-02-07 13:09:19","thumbnail":"https://cf.geekdo-images.com/602eY-xlgkaL3gtyZ7QVVQ__thumb/img/6u9GKTBVH0wRAhhpOi1kn3sSNeo=/fit-in/200x150/filters:strip_icc()/pic7347437.jpg","link":"https://boardgamegeek.com/thing/355483","minPlayers":"2","maxPlayers":"6","bestAtCount":"4"},{"id":"366161","name":"Wingspan Asia","type":"boardgame","lastmodified":"2023-09-06 11:45:44","thumbnail":"https://cf.geekdo-images.com/h1dRxq4lNMpuSUSGdgCmfA__thumb/img/hPsEFlgh0b_JhtQmsJQv3vmq814=/fit-in/200x150/filters:strip_icc()/pic7107431.jpg","link":"https://boardgamegeek.com/thing/366161","minPlayers":"1","maxPlayers":"2","bestAtCount":"2"},{"id":"350184","name":"Earth","type":"boardgame","lastmodified":"2023-09-06 11:45:16","thumbnail":"https://cf.geekdo-images.com/0xqF_KyOb7V26Lu5YT3fxw__thumb/img/ABTwzzMGekkz2jVl01LC4789TcQ=/fit-in/200x150/filters:strip_icc()/pic6699821.jpg","link":"https://boardgamegeek.com/thing/350184","minPlayers":"1","maxPlayers":"5","bestAtCount":"2"},{"id":"221194","name":"Dinosaur Island","type":"boardgame","lastmodified":"2023-09-06 11:45:09","thumbnail":"https://cf.geekdo-images.com/hLJv1A1TwrMrLLIJhVpKVA__thumb/img/cHgvJgF-Gr6mgDKj51uPoqbjHQk=/fit-in/200x150/filters:strip_icc()/pic3429338.png","link":"https://boardgamegeek.com/thing/221194","minPlayers":"1","maxPlayers":"4","bestAtCount":"3"},{"id":"231733","name":"Obsession","type":"boardgame","lastmodified":"2023-09-06 11:42:23","thumbnail":"https://cf.geekdo-images.com/sy89BiuZXfbSnG7Cag9tBQ__thumb/img/eTnMwfCC2jCGDPXC08SIaMXNOTM=/fit-in/200x150/filters:strip_icc()/pic5902073.png","link":"https://boardgamegeek.com/thing/231733","minPlayers":"1","maxPlayers":"4","bestAtCount":"2"},{"id":"230802","name":"Azul","type":"boardgame","lastmodified":"2023-09-06 11:41:33","thumbnail":"https://cf.geekdo-images.com/aPSHJO0d0XOpQR5X-wJonw__thumb/img/ccsXKrdGJw-YSClWwzVUwk5Nh9Y=/fit-in/200x150/filters:strip_icc()/pic6973671.png","link":"https://boardgamegeek.com/thing/230802","minPlayers":"2","maxPlayers":"4","bestAtCount":"2"},{"id":"182874","name":"Grand Austria Hotel","type":"boardgame","lastmodified":"2023-09-06 11:41:27","thumbnail":"https://cf.geekdo-images.com/GlCmHjdLwv3SqSjv52ToGw__thumb/img/WXzXZh50EGKd1U2fg75fCbFIL_8=/fit-in/200x150/filters:strip_icc()/pic6966955.jpg","link":"https://boardgamegeek.com/thing/182874","minPlayers":"2","maxPlayers":"4","bestAtCount":"2"},{"id":"125153","name":"The Gallerist","type":"boardgame","lastmodified":"2023-09-06 11:41:18","thumbnail":"https://cf.geekdo-images.com/ie1GSt1XV04sXQXt-3O1UQ__thumb/img/O0H84AvXp139U865gRLGiAo9-gA=/fit-in/200x150/filters:strip_icc()/pic2503200.png","link":"https://boardgamegeek.com/thing/125153","minPlayers":"1","maxPlayers":"4","bestAtCount":"3"},{"id":"244521","name":"The Quacks of Quedlinburg","type":"boardgame","lastmodified":"2023-09-06 11:41:11","thumbnail":"https://cf.geekdo-images.com/pH5LgRL4mNRon-2NsSDb1Q__thumb/img/E_XspsgbgrVOwOeCuZMO1S8W2rk=/fit-in/200x150/filters:strip_icc()/pic6137509.png","link":"https://boardgamegeek.com/thing/244521","minPlayers":"2","maxPlayers":"4","bestAtCount":"4"},{"id":"295947","name":"Cascadia","type":"boardgame","lastmodified":"2023-09-06 11:40:56","thumbnail":"https://cf.geekdo-images.com/MjeJZfulbsM1DSV3DrGJYA__thumb/img/tVSFjSxYEcw7sKj3unIIQV8kxoc=/fit-in/200x150/filters:strip_icc()/pic5100691.jpg","link":"https://boardgamegeek.com/thing/295947","minPlayers":"1","maxPlayers":"4","bestAtCount":"2"},{"id":"312484","name":"Lost Ruins of Arnak","type":"boardgame","lastmodified":"2023-09-06 11:40:44","thumbnail":"https://cf.geekdo-images.com/6GqH14TJJhza86BX5HCLEQ__thumb/img/J8SVmGOJXZGxNjkT3xYNQU7Haxg=/fit-in/200x150/filters:strip_icc()/pic5674958.jpg","link":"https://boardgamegeek.com/thing/312484","minPlayers":"1","maxPlayers":"4","bestAtCount":"3"},{"id":"316412","name":"The LOOP","type":"boardgame","lastmodified":"2023-01-16 14:10:13","thumbnail":"https://cf.geekdo-images.com/NPWdxDD5uLOBLBDdVgdLvA__thumb/img/7464PJPFWWPzsOUMvf8t860zct0=/fit-in/200x150/filters:strip_icc()/pic6034093.png","link":"https://boardgamegeek.com/thing/316412","minPlayers":"1","maxPlayers":"4","bestAtCount":"2"},{"id":"297978","name":"Mariposas","type":"boardgame","lastmodified":"2023-01-15 13:32:40","thumbnail":"https://cf.geekdo-images.com/UHTHsuI998L89uSTXS3hxg__thumb/img/ruD8L6-y9vFuuvYd1eABXJPnsXk=/fit-in/200x150/filters:strip_icc()/pic5153415.jpg","link":"https://boardgamegeek.com/thing/297978","minPlayers":"2","maxPlayers":"5","bestAtCount":"3"},{"id":"217085","name":"Unearth","type":"boardgame","lastmodified":"2023-01-15 13:32:17","thumbnail":"https://cf.geekdo-images.com/0olGvNCDk-VmFW2LDOnI_Q__thumb/img/3J2ogaftEzBzwUO3kyJ7DXH-3HE=/fit-in/200x150/filters:strip_icc()/pic3579391.jpg","link":"https://boardgamegeek.com/thing/217085","minPlayers":"2","maxPlayers":"4","bestAtCount":"3"},{"id":"269259","name":"The Quacks of Quedlinburg: The Herb Witches","type":"boardgameexpansion","lastmodified":"2023-01-15 13:31:54","thumbnail":"https://cf.geekdo-images.com/nseXZ6c_ubJwyCM1s086yA__thumb/img/mhXh1WC05O6XmAGvXMOX8vP7mK4=/fit-in/200x150/filters:strip_icc()/pic6137510.png","link":"https://boardgamegeek.com/thing/269259","minPlayers":"2","maxPlayers":"5","bestAtCount":"3"},{"id":"316597","name":"The Quacks of Quedlinburg: The Alchemists","type":"boardgameexpansion","lastmodified":"2023-01-15 13:31:51","thumbnail":"https://cf.geekdo-images.com/Tm5V-TBrl6Clb__VHGNkyA__thumb/img/sWSh6nPkDHPY8eUXvVHu35TQTL0=/fit-in/200x150/filters:strip_icc()/pic6137107.png","link":"https://boardgamegeek.com/thing/316597","minPlayers":"2","maxPlayers":"5","bestAtCount":"3"},{"id":"300580","name":"Wingspan: Oceania Expansion","type":"boardgameexpansion","lastmodified":"2023-01-15 13:30:47","thumbnail":"https://cf.geekdo-images.com/Nl_5PvrmI6aS-1qqiJ6JAw__thumb/img/ohztPasKZz5F71HTb7YrPasy_xM=/fit-in/200x150/filters:strip_icc()/pic5685481.png","link":"https://boardgamegeek.com/thing/300580","minPlayers":"1","maxPlayers":"5","bestAtCount":"3"},{"id":"290448","name":"Wingspan: European Expansion","type":"boardgameexpansion","lastmodified":"2023-01-15 13:30:38","thumbnail":"https://cf.geekdo-images.com/7izK8WM_bgtvBzxQvLGz-A__thumb/img/Q76pV0p00R8qkcS6o-nczJD7DCk=/fit-in/200x150/filters:strip_icc()/pic4982682.jpg","link":"https://boardgamegeek.com/thing/290448","minPlayers":"1","maxPlayers":"5","bestAtCount":"3"},{"id":"265683","name":"Second Chance","type":"boardgame","lastmodified":"2023-01-15 13:28:53","thumbnail":"https://cf.geekdo-images.com/l8YbahkVzd5JLw53SahSTw__thumb/img/4vSADdVmmEAXE7U0D7JtVcU_IU8=/fit-in/200x150/filters:strip_icc()/pic4948024.jpg","link":"https://boardgamegeek.com/thing/265683","minPlayers":"1","maxPlayers":"6","bestAtCount":"2"},{"id":"204583","name":"Kingdomino","type":"boardgame","lastmodified":"2023-01-15 13:26:04","thumbnail":"https://cf.geekdo-images.com/c0m3gwZTcfKoLI63ASio8g__thumb/img/4p4Xydg0tze9UFcd6oUbCnVyxCw=/fit-in/200x150/filters:strip_icc()/pic8443569.png","link":"https://boardgamegeek.com/thing/204583","minPlayers":"2","maxPlayers":"4","bestAtCount":"2"},{"id":"328565","name":"Caper: Europe","type":"boardgame","lastmodified":"2023-01-15 13:25:43","thumbnail":"https://cf.geekdo-images.com/XaAM-6aENSUYDAIsc_y1JA__thumb/img/WwAo1NiJEkT0RDmRMhflvP3g53c=/fit-in/200x150/filters:strip_icc()/pic6767666.jpg","link":"https://boardgamegeek.com/thing/328565","minPlayers":"2","maxPlayers":"2","bestAtCount":"2"},{"id":"358854","name":"PARKS: Wildlife","type":"boardgameexpansion","lastmodified":"2023-01-15 13:25:05","thumbnail":"https://cf.geekdo-images.com/YccfGyP0ksgwpBKrwX0zLQ__thumb/img/xnrfz4DD9jmAtDr95bmEYZgJIds=/fit-in/200x150/filters:strip_icc()/pic6753529.jpg","link":"https://boardgamegeek.com/thing/358854","minPlayers":"1","maxPlayers":"5","bestAtCount":"3"},{"id":"365104","name":"Planted: A Game of Nature & Nurture","type":"boardgame","lastmodified":"2023-01-15 13:24:09","thumbnail":"https://cf.geekdo-images.com/w05q02PbXAw64GKtd4H4qg__thumb/img/MYOOXanLTSiv-vGmyPJ1fy-RIiQ=/fit-in/200x150/filters:strip_icc()/pic6978684.jpg","link":"https://boardgamegeek.com/thing/365104","minPlayers":"2","maxPlayers":"5","bestAtCount":"3"},{"id":"341254","name":"Lost Ruins of Arnak: Expedition Leaders","type":"boardgameexpansion","lastmodified":"2023-01-15 13:23:39","thumbnail":"https://cf.geekdo-images.com/U4aoXbKATU7YbA8bAT73FQ__thumb/img/g0aac2-OQvMbEPXv1vIvSumPmkA=/fit-in/200x150/filters:strip_icc()/pic6253876.png","link":"https://boardgamegeek.com/thing/341254","minPlayers":"1","maxPlayers":"4","bestAtCount":"3"},{"id":"212516","name":"Keyper","type":"boardgame","lastmodified":"2023-01-15 13:22:54","thumbnail":"https://cf.geekdo-images.com/oCUaeYsSQ8S9F55Ft4P0HQ__thumb/img/QjeQLseJRhzJVQoXQK_cedejAlc=/fit-in/200x150/filters:strip_icc()/pic3690708.jpg","link":"https://boardgamegeek.com/thing/212516","minPlayers":"2","maxPlayers":"4","bestAtCount":"3"},{"id":"255681","name":"Terraforming Mars: Colonies","type":"boardgameexpansion","lastmodified":"2023-01-15 13:20:50","thumbnail":"https://cf.geekdo-images.com/OyCyHETRL-RzzYKlF8jshA__thumb/img/WpvEB_JcNNPngED5fDPb3qZOUEA=/fit-in/200x150/filters:strip_icc()/pic4193099.jpg","link":"https://boardgamegeek.com/thing/255681","minPlayers":"1","maxPlayers":"5","bestAtCount":"3"},{"id":"214032","name":"Founders of Gloomhaven","type":"boardgame","lastmodified":"2023-01-15 13:17:26","thumbnail":"https://cf.geekdo-images.com/0B9ncaeeRvzZFr2kDbNELA__thumb/img/yuymJ4QYuWSPlFWVuy7yUNC3v2Q=/fit-in/200x150/filters:strip_icc()/pic3268237.jpg","link":"https://boardgamegeek.com/thing/214032","minPlayers":"1","maxPlayers":"4","bestAtCount":"4"},{"id":"265736","name":"Tiny Towns","type":"boardgame","lastmodified":"2023-01-15 13:15:34","thumbnail":"https://cf.geekdo-images.com/aE1EoOzr530gQin8bj8QDA__thumb/img/AI-Ro3wLJtpyZLmCMNywOlpz0S8=/fit-in/200x150/filters:strip_icc()/pic4460401.jpg","link":"https://boardgamegeek.com/thing/265736","minPlayers":"1","maxPlayers":"6","bestAtCount":"3"},{"id":"18932","name":"Siena","type":"boardgame","lastmodified":"2022-01-17 15:26:46","thumbnail":"https://cf.geekdo-images.com/wb8pvgFmW9IH-upj8XB-KA__thumb/img/fLkWcZdIkZNJfM7oc_4YBVj2Eyo=/fit-in/200x150/filters:strip_icc()/pic99088.jpg","link":"https://boardgamegeek.com/thing/18932","minPlayers":"2","maxPlayers":"5","bestAtCount":"5"},{"id":"253684","name":"Spring Meadow","type":"boardgame","lastmodified":"2022-01-17 15:24:36","thumbnail":"https://cf.geekdo-images.com/RyoXSs5ukUtep7WbiWqTLg__thumb/img/Ev9hcbV_yI-PKaRqY8ZZSVLJpPY=/fit-in/200x150/filters:strip_icc()/pic4149719.jpg","link":"https://boardgamegeek.com/thing/253684","minPlayers":"1","maxPlayers":"4","bestAtCount":"2"},{"id":"204027","name":"Cottage Garden","type":"boardgame","lastmodified":"2022-01-17 15:24:14","thumbnail":"https://cf.geekdo-images.com/7Zk5_GsYycmHYD4RN3kIJQ__thumb/img/feLpplY6_MLKO4Tzfj5N2bW4a9o=/fit-in/200x150/filters:strip_icc()/pic3499059.jpg","link":"https://boardgamegeek.com/thing/204027","minPlayers":"1","maxPlayers":"4","bestAtCount":"3"},{"id":"233678","name":"Indian Summer","type":"boardgame","lastmodified":"2022-01-17 15:24:07","thumbnail":"https://cf.geekdo-images.com/bloH9_cfn7U0ZxilTblA9w__thumb/img/8L96NRWJxXeFgtYSivzGYPtMlNU=/fit-in/200x150/filters:strip_icc()/pic3749870.jpg","link":"https://boardgamegeek.com/thing/233678","minPlayers":"1","maxPlayers":"4","bestAtCount":"3"},{"id":"119890","name":"Agricola: All Creatures Big and Small","type":"boardgame","lastmodified":"2022-01-17 15:23:59","thumbnail":"https://cf.geekdo-images.com/iaxdcb_l3F8McwzyoiiCig__thumb/img/UWsWeuOQpGv5asAoyrKgwL3pVj0=/fit-in/200x150/filters:strip_icc()/pic1514252.jpg","link":"https://boardgamegeek.com/thing/119890","minPlayers":"2","maxPlayers":"2","bestAtCount":"2"},{"id":"8989","name":"Hansa","type":"boardgame","lastmodified":"2022-01-17 15:23:46","thumbnail":"https://cf.geekdo-images.com/aQYc-5PfyknVcU-j80KBhQ__thumb/img/rY2jz1E-dw_2YioMANlEAy7DnXc=/fit-in/200x150/filters:strip_icc()/pic311302.jpg","link":"https://boardgamegeek.com/thing/8989","minPlayers":"2","maxPlayers":"4","bestAtCount":"2"},{"id":"250337","name":"Gloomhaven: Forgotten Circles","type":"boardgameexpansion","lastmodified":"2022-01-12 12:37:57","thumbnail":"https://cf.geekdo-images.com/qV0P8aviaET-qIIUCZnvmA__thumb/img/4t-2yn7uxNre3ZiRNHP4UTjIlsk=/fit-in/200x150/filters:strip_icc()/pic4066738.jpg","link":"https://boardgamegeek.com/thing/250337","minPlayers":"1","maxPlayers":"4","bestAtCount":"4"},{"id":"274093","name":"Quirky Circuits","type":"boardgame","lastmodified":"2022-01-12 12:37:38","thumbnail":"https://cf.geekdo-images.com/aNabLAdJAW0ot6hojnC9rw__thumb/img/TV8pBvFqB-Y1rPL91CHISW1hgFo=/fit-in/200x150/filters:strip_icc()/pic4602889.jpg","link":"https://boardgamegeek.com/thing/274093","minPlayers":"2","maxPlayers":"4","bestAtCount":"3"},{"id":"298729","name":"PARKS: Nightfall","type":"boardgameexpansion","lastmodified":"2022-01-12 12:37:21","thumbnail":"https://cf.geekdo-images.com/ucDMn6DilNfP6MgrgVJ8ng__thumb/img/mDOqTDPCmECGyHlJ1n_JR5v0NOA=/fit-in/200x150/filters:strip_icc()/pic5673231.jpg","link":"https://boardgamegeek.com/thing/298729","minPlayers":"1","maxPlayers":"5","bestAtCount":"3"},{"id":"276104","name":"Underwater Cities: New Discoveries","type":"boardgameexpansion","lastmodified":"2022-01-12 12:37:06","thumbnail":"https://cf.geekdo-images.com/S0GhOLC1iv7h9RZotqfQVw__thumb/img/NT_WeiXkYp7vH8kD5-2lPyFQolQ=/fit-in/200x150/filters:strip_icc()/pic4934894.jpg","link":"https://boardgamegeek.com/thing/276104","minPlayers":"1","maxPlayers":"4","bestAtCount":"2"},{"id":"261526","name":"Food Chain Magnate: The Ketchup Mechanism & Other Ideas","type":"boardgameexpansion","lastmodified":"2022-01-12 12:36:41","thumbnail":"https://cf.geekdo-images.com/5D_bKoIGmYkyWDlhrXdkNQ__thumb/img/wLK07N5hFoIuowkoq8M3etxb8_0=/fit-in/200x150/filters:strip_icc()/pic4545980.jpg","link":"https://boardgamegeek.com/thing/261526","minPlayers":"2","maxPlayers":"6","bestAtCount":"3"},{"id":"218127","name":"Terraforming Mars: Hellas & Elysium","type":"boardgameexpansion","lastmodified":"2022-01-12 12:33:20","thumbnail":"https://cf.geekdo-images.com/7yS40E2oW3JY5_1HpDkmBw__thumb/img/nUbQgZ-hG7C8S1xU01rU-0HmIC0=/fit-in/200x150/filters:strip_icc()/pic3343205.jpg","link":"https://boardgamegeek.com/thing/218127","minPlayers":"1","maxPlayers":"5","bestAtCount":"3"},{"id":"231965","name":"Terraforming Mars: Venus Next","type":"boardgameexpansion","lastmodified":"2022-01-12 12:33:15","thumbnail":"https://cf.geekdo-images.com/XuQN5HlG2bLbQu3AlQQgbQ__thumb/img/tf_tuTOtgXvRhibhHIa0uKh4l6Y=/fit-in/200x150/filters:strip_icc()/pic3767139.jpg","link":"https://boardgamegeek.com/thing/231965","minPlayers":"1","maxPlayers":"5","bestAtCount":"3"},{"id":"273473","name":"Terraforming Mars: Turmoil","type":"boardgameexpansion","lastmodified":"2022-01-12 12:33:08","thumbnail":"https://cf.geekdo-images.com/KJHDZ_QwU6nAwrc53ixfJw__thumb/img/EgKltMLq_GTj_TP6HGBml4Y98gk=/fit-in/200x150/filters:strip_icc()/pic4599496.jpg","link":"https://boardgamegeek.com/thing/273473","minPlayers":"1","maxPlayers":"5","bestAtCount":"3"},{"id":"247030","name":"Terraforming Mars: Prelude","type":"boardgameexpansion","lastmodified":"2022-01-12 12:32:55","thumbnail":"https://cf.geekdo-images.com/2qrpbgsKEcvu5RLXpb6fgw__thumb/img/D5ierThzC9UcVe3mYB9n0-j5q5w=/fit-in/200x150/filters:strip_icc()/pic4137234.jpg","link":"https://boardgamegeek.com/thing/247030","minPlayers":"1","maxPlayers":"5","bestAtCount":"3"},{"id":"167791","name":"Terraforming Mars","type":"boardgame","lastmodified":"2022-01-12 12:32:27","thumbnail":"https://cf.geekdo-images.com/wg9oOLcsKvDesSUdZQ4rxw__thumb/img/BTxqxgYay5tHJfVoJ2NF5g43_gA=/fit-in/200x150/filters:strip_icc()/pic3536616.jpg","link":"https://boardgamegeek.com/thing/167791","minPlayers":"1","maxPlayers":"5","bestAtCount":"3"},{"id":"193065","name":"Spirit Island: Branch & Claw","type":"boardgameexpansion","lastmodified":"2022-01-12 12:32:21","thumbnail":"https://cf.geekdo-images.com/l1k4gxERlIuhCNIn3TPU_g__thumb/img/YrbMam9JFeUqXHrPPXLxrSYlYK0=/fit-in/200x150/filters:strip_icc()/pic7010668.jpg","link":"https://boardgamegeek.com/thing/193065","minPlayers":"1","maxPlayers":"4","bestAtCount":"2"},{"id":"262722","name":"Spirit Island: Jagged Earth","type":"boardgameexpansion","lastmodified":"2022-01-12 12:32:14","thumbnail":"https://cf.geekdo-images.com/zpJWXV6NH8layu6mp4tPKQ__thumb/img/HVoV__D4kFdAk2gL4RjoB6DUleQ=/fit-in/200x150/filters:strip_icc()/pic7825275.jpg","link":"https://boardgamegeek.com/thing/262722","minPlayers":"1","maxPlayers":"6","bestAtCount":"2"},{"id":"257056","name":"Lovelace & Babbage","type":"boardgame","lastmodified":"2022-01-12 12:31:52","thumbnail":"https://cf.geekdo-images.com/eF-f7jbnDuGmD6T-vAJE8Q__thumb/img/Xa9DWK1gmMBD3ILMnw0k9aUYYGM=/fit-in/200x150/filters:strip_icc()/pic4343748.jpg","link":"https://boardgamegeek.com/thing/257056","minPlayers":"2","maxPlayers":"4","bestAtCount":"3"},{"id":"12318","name":"Typo","type":"boardgame","lastmodified":"2022-01-12 12:31:45","thumbnail":"https://cf.geekdo-images.com/054ImwbpNUnlEwI8ejhQqQ__thumb/img/xVWoYQFdGxDV0hpaAJlLIdkphsk=/fit-in/200x150/filters:strip_icc()/pic4555929.jpg","link":"https://boardgamegeek.com/thing/12318","minPlayers":"2","maxPlayers":"6","bestAtCount":"3"},{"id":"219215","name":"Werewords","type":"boardgame","lastmodified":"2022-01-12 12:31:37","thumbnail":"https://cf.geekdo-images.com/4ngyBZXLLKIOdGuUHE7baw__thumb/img/gSGfC0ZMYbOXukqfdBBuxULmyJU=/fit-in/200x150/filters:strip_icc()/pic4415135.jpg","link":"https://boardgamegeek.com/thing/219215","minPlayers":"4","maxPlayers":"10","bestAtCount":"6"},{"id":"152242","name":"Ultimate Werewolf: Deluxe Edition","type":"boardgame","lastmodified":"2022-01-12 12:31:28","thumbnail":"https://cf.geekdo-images.com/dncdxD1g4dxMh9e8oKlzbg__thumb/img/Wd1gXoEgJjq9vG3ZCP8_H1hP2eE=/fit-in/200x150/filters:strip_icc()/pic1878492.png","link":"https://boardgamegeek.com/thing/152242","minPlayers":"5","maxPlayers":"75","bestAtCount":"11"},{"id":"140934","name":"Arboretum","type":"boardgame","lastmodified":"2022-01-12 12:31:04","thumbnail":"https://cf.geekdo-images.com/XYOn10oXBrDqHySf0jvnyQ__thumb/img/X6V1M2nZOinTgwE0KIBfup_QrCw=/fit-in/200x150/filters:strip_icc()/pic4172124.png","link":"https://boardgamegeek.com/thing/140934","minPlayers":"2","maxPlayers":"4","bestAtCount":"2"},{"id":"224821","name":"One Deck Dungeon: Forest of Shadows","type":"boardgame","lastmodified":"2022-01-12 12:30:23","thumbnail":"https://cf.geekdo-images.com/rfkpP2id0JwDWw5694PRQQ__thumb/img/5A9VoUaZ1B5Wx1t0n74mfLBHW2o=/fit-in/200x150/filters:strip_icc()/pic3496794.jpg","link":"https://boardgamegeek.com/thing/224821","minPlayers":"1","maxPlayers":"2","bestAtCount":"1"},{"id":"179275","name":"One Deck Dungeon","type":"boardgame","lastmodified":"2022-01-12 12:30:07","thumbnail":"https://cf.geekdo-images.com/quvyGpE7kwbd2Mt1H5iLwQ__thumb/img/Vf5PvYElsfOG28LqJimwPC6rqw4=/fit-in/200x150/filters:strip_icc()/pic3019101.jpg","link":"https://boardgamegeek.com/thing/179275","minPlayers":"1","maxPlayers":"2","bestAtCount":"1"},{"id":"72287","name":"Mr. Jack Pocket","type":"boardgame","lastmodified":"2022-01-12 12:29:56","thumbnail":"https://cf.geekdo-images.com/nd44m6n6ykDCsHVt4wcEcQ__thumb/img/wpEJcfEdHyXDW1Kh3xbevgW2JuA=/fit-in/200x150/filters:strip_icc()/pic1519530.jpg","link":"https://boardgamegeek.com/thing/72287","minPlayers":"2","maxPlayers":"2","bestAtCount":"2"},{"id":"128063","name":"Uchronia","type":"boardgame","lastmodified":"2022-01-12 12:29:46","thumbnail":"https://cf.geekdo-images.com/BEMKss4V4AsOT6Lr1zQpiw__thumb/img/XA5ziKeiBn4KF5c6fRd7OZUOMMg=/fit-in/200x150/filters:strip_icc()/pic1514976.jpg","link":"https://boardgamegeek.com/thing/128063","minPlayers":"2","maxPlayers":"5","bestAtCount":"3"},{"id":"50","name":"Lost Cities","type":"boardgame","lastmodified":"2022-01-12 12:29:28","thumbnail":"https://cf.geekdo-images.com/AL5D-dXabY-Lk3PqIFk_0g__thumb/img/Q-76aN92M3OveMp26t7b0i7V-i4=/fit-in/200x150/filters:strip_icc()/pic4597095.jpg","link":"https://boardgamegeek.com/thing/50","minPlayers":"2","maxPlayers":"2","bestAtCount":"2"},{"id":"122323","name":"Innovation: Figures in the Sand","type":"boardgameexpansion","lastmodified":"2022-01-12 12:29:11","thumbnail":"https://cf.geekdo-images.com/itYfk5CYuc1X9Wq0jv8MGQ__thumb/img/Nac9Hy2HigETah3A_M8AC2n7ODU=/fit-in/200x150/filters:strip_icc()/pic3910616.jpg","link":"https://boardgamegeek.com/thing/122323","minPlayers":"2","maxPlayers":"6","bestAtCount":"2"},{"id":"150669","name":"Innovation: Cities of Destiny","type":"boardgameexpansion","lastmodified":"2022-01-12 12:28:42","thumbnail":"https://cf.geekdo-images.com/iXfgz17sknYySBuQ5qL8XA__thumb/img/Q3NHkXdhFHyfug2I21viKdOO5Zk=/fit-in/200x150/filters:strip_icc()/pic3912058.jpg","link":"https://boardgamegeek.com/thing/150669","minPlayers":"2","maxPlayers":"4","bestAtCount":"2"},{"id":"92898","name":"Innovation: Echoes of the Past","type":"boardgameexpansion","lastmodified":"2022-01-12 12:28:30","thumbnail":"https://cf.geekdo-images.com/PZ8zW_w03U5sBhGcnNKHIw__thumb/img/8UMNVv6pr3KE-kmJ5Eso7jROx9k=/fit-in/200x150/filters:strip_icc()/pic3910611.jpg","link":"https://boardgamegeek.com/thing/92898","minPlayers":"2","maxPlayers":"5","bestAtCount":"2"},{"id":"1265","name":"Mystery Rummy: Jekyll & Hyde","type":"boardgame","lastmodified":"2022-01-12 12:28:11","thumbnail":"https://cf.geekdo-images.com/egnaIYGMGkD3htjX1tKvWA__thumb/img/KHAr5sNHJe8h1I19ZBG2GPmb_xU=/fit-in/200x150/filters:strip_icc()/pic140031.jpg","link":"https://boardgamegeek.com/thing/1265","minPlayers":"2","maxPlayers":"2","bestAtCount":"2"},{"id":"15512","name":"Incan Gold","type":"boardgame","lastmodified":"2022-01-12 12:27:57","thumbnail":"https://cf.geekdo-images.com/xPuQ_NYaoKWEUhugIDA3yA__thumb/img/osrBmn2JqDeBylg8bvqaVOCVGTI=/fit-in/200x150/filters:strip_icc()/pic8279658.jpg","link":"https://boardgamegeek.com/thing/15512","minPlayers":"3","maxPlayers":"8","bestAtCount":"6"},{"id":"122298","name":"Morels","type":"boardgame","lastmodified":"2022-01-12 12:27:17","thumbnail":"https://cf.geekdo-images.com/79RzPdM2pxmtmNV-bdU7LQ__thumb/img/5zP3tbw8snCQYnvF5iB9ZteVlgQ=/fit-in/200x150/filters:strip_icc()/pic1284667.jpg","link":"https://boardgamegeek.com/thing/122298","minPlayers":"2","maxPlayers":"2","bestAtCount":"2"},{"id":"91534","name":"Struggle for Catan","type":"boardgame","lastmodified":"2022-01-12 12:26:47","thumbnail":"https://cf.geekdo-images.com/sgVlSEVdIThWUxgfzkHVEQ__thumb/img/TW0KmIhsb9qmAE6E7OM3_0fV7iw=/fit-in/200x150/filters:strip_icc()/pic7625877.jpg","link":"https://boardgamegeek.com/thing/91534","minPlayers":"2","maxPlayers":"4","bestAtCount":"4"},{"id":"65244","name":"Forbidden Island","type":"boardgame","lastmodified":"2022-01-12 12:26:30","thumbnail":"https://cf.geekdo-images.com/JgAkEBUaiHOsOS94iRMs2w__thumb/img/5aPR8-KMbgucI_XkPE2PJaMQQsg=/fit-in/200x150/filters:strip_icc()/pic646458.jpg","link":"https://boardgamegeek.com/thing/65244","minPlayers":"2","maxPlayers":"4","bestAtCount":"4"},{"id":"205158","name":"Codenames: Deep Undercover","type":"boardgame","lastmodified":"2022-01-12 12:26:15","thumbnail":"https://cf.geekdo-images.com/Hnxruo8BBx73kd4TCZQdYg__thumb/img/kKE4VDsVRyDbQFxNLNzIIl-L85w=/fit-in/200x150/filters:strip_icc()/pic4390414.jpg","link":"https://boardgamegeek.com/thing/205158","minPlayers":"4","maxPlayers":"8","bestAtCount":"6"},{"id":"8217","name":"San Juan","type":"boardgame","lastmodified":"2020-12-28 21:27:06","thumbnail":"https://cf.geekdo-images.com/kiD03bslLpN_0Qe1LJ8OGg__thumb/img/VD6xhahkv4SR87FYOoQS9rKOpvo=/fit-in/200x150/filters:strip_icc()/pic174174.jpg","link":"https://boardgamegeek.com/thing/8217","minPlayers":"2","maxPlayers":"4","bestAtCount":"3"},{"id":"28143","name":"Race for the Galaxy","type":"boardgame","lastmodified":"2018-10-08 14:40:12","thumbnail":"https://cf.geekdo-images.com/-DOqixs8uwKUvvWPKI4f9w__thumb/img/xLs-ldTPwaADbvzkOpF0sgWzwck=/fit-in/200x150/filters:strip_icc()/pic5261714.jpg","link":"https://boardgamegeek.com/thing/28143","minPlayers":"2","maxPlayers":"4","bestAtCount":"2"},{"id":"7805","name":"Fearsome Floors","type":"boardgame","lastmodified":"2018-10-08 14:39:32","thumbnail":"https://cf.geekdo-images.com/GFIDR8JqZletddix8obk5A__thumb/img/lfFTfqCvwl8i06H_r49ye_D3Pxo=/fit-in/200x150/filters:strip_icc()/pic163508.jpg","link":"https://boardgamegeek.com/thing/7805","minPlayers":"2","maxPlayers":"7","bestAtCount":"5"},{"id":"118","name":"Modern Art","type":"boardgame","lastmodified":"2012-09-26 15:30:23","thumbnail":"https://cf.geekdo-images.com/wLto-xaabHwKQe_Bc4iD1Q__thumb/img/AUqMholGVlwXLjMcxwiziE_7Ffw=/fit-in/200x150/filters:strip_icc()/pic3458036.png","link":"https://boardgamegeek.com/thing/118","minPlayers":"3","maxPlayers":"5","bestAtCount":"4"},{"id":"831","name":"Schrille Stille","type":"boardgame","lastmodified":"2012-02-28 15:09:05","thumbnail":"https://cf.geekdo-images.com/Ur5Q2P5l-uPPu16j5NmnIA__thumb/img/eRjf6jRJZepfo3QFJADJEYFLSEI=/fit-in/200x150/filters:strip_icc()/pic318386.jpg","link":"https://boardgamegeek.com/thing/831","minPlayers":"3","maxPlayers":"6","bestAtCount":"6"},{"id":"822","name":"Carcassonne","type":"boardgame","lastmodified":"2012-01-17 17:22:14","thumbnail":"https://cf.geekdo-images.com/okM0dq_bEXnbyQTOvHfwRA__thumb/img/88274KiOg94wziybVHyW8AeOiXg=/fit-in/200x150/filters:strip_icc()/pic6544250.png","link":"https://boardgamegeek.com/thing/822","minPlayers":"2","maxPlayers":"5","bestAtCount":"2"},{"id":"40692","name":"Small World","type":"boardgame","lastmodified":"2012-01-17 17:21:45","thumbnail":"https://cf.geekdo-images.com/aoPM07XzoceB-RydLh08zA__thumb/img/o3Bw9heVDJRgPYlI_PksCvLAgnM=/fit-in/200x150/filters:strip_icc()/pic428828.jpg","link":"https://boardgamegeek.com/thing/40692","minPlayers":"2","maxPlayers":"5","bestAtCount":"4"},{"id":"1","name":"Die Macher","type":"boardgame","lastmodified":"2012-01-17 17:21:27","thumbnail":"https://cf.geekdo-images.com/rpwCZAjYLD940NWwP3SRoA__thumb/img/YT6svCVsWqLrDitcMEtyazVktbQ=/fit-in/200x150/filters:strip_icc()/pic4718279.jpg","link":"https://boardgamegeek.com/thing/1","minPlayers":"3","maxPlayers":"5","bestAtCount":"5"},{"id":"28143","name":"Race for the Galaxy","type":"boardgame","lastmodified":"2012-01-17 17:20:33","thumbnail":"https://cf.geekdo-images.com/-DOqixs8uwKUvvWPKI4f9w__thumb/img/xLs-ldTPwaADbvzkOpF0sgWzwck=/fit-in/200x150/filters:strip_icc()/pic5261714.jpg","link":"https://boardgamegeek.com/thing/28143","minPlayers":"2","maxPlayers":"4","bestAtCount":"2"},{"id":"35677","name":"Le Havre","type":"boardgame","lastmodified":"2012-01-17 17:20:25","thumbnail":"https://cf.geekdo-images.com/y7Rqd3S6J7vyVhicR1bqTQ__thumb/img/w1iHoYZCVTDZI6gsPuxOScA7FqU=/fit-in/200x150/filters:strip_icc()/pic6091101.jpg","link":"https://boardgamegeek.com/thing/35677","minPlayers":"1","maxPlayers":"5","bestAtCount":"3"},{"id":"2476","name":"Industrial Waste","type":"boardgame","lastmodified":"2011-12-02 14:21:19","thumbnail":"https://cf.geekdo-images.com/guCc6SWoNZ-tJidpv6WQrg__thumb/img/p0FaY8CcK_oEN-7rf0TEY-8u-2E=/fit-in/200x150/filters:strip_icc()/pic201576.jpg","link":"https://boardgamegeek.com/thing/2476","minPlayers":"2","maxPlayers":"4","bestAtCount":"3"},{"id":"594","name":"Sleuth","type":"boardgame","lastmodified":"2011-11-21 00:07:50","thumbnail":"https://cf.geekdo-images.com/-FI9Wy5V-Jr7hOCc6w0fbQ__thumb/img/YvpT7JIL6n-re8AH2UOZyLI29OA=/fit-in/200x150/filters:strip_icc()/pic1339353.png","link":"https://boardgamegeek.com/thing/594","minPlayers":"3","maxPlayers":"7","bestAtCount":"4"},{"id":"9216","name":"Goa: A New Expedition","type":"boardgame","lastmodified":"2011-11-08 11:33:54","thumbnail":"https://cf.geekdo-images.com/9sbSKcc-Fm8Od5wwuf3kgg__thumb/img/pb63LQr94bzh4Z6ofLNJoijRlxU=/fit-in/200x150/filters:strip_icc()/pic1215969.jpg","link":"https://boardgamegeek.com/thing/9216","minPlayers":"2","maxPlayers":"4","bestAtCount":"4"},{"id":"2993","name":"Carcassonne: Expansion 1 – Inns & Cathedrals","type":"boardgameexpansion","lastmodified":"2011-07-21 20:53:33","thumbnail":"https://cf.geekdo-images.com/g9q--tONTL86x2D4NKiM8g__thumb/img/opBzVTp4iK4LfozCr3doTYGwTHE=/fit-in/200x150/filters:strip_icc()/pic2659943.jpg","link":"https://boardgamegeek.com/thing/2993","minPlayers":"2","maxPlayers":"6","bestAtCount":"2"},{"id":"9653","name":"BANG! Dodge City","type":"boardgameexpansion","lastmodified":"2011-07-21 20:53:20","thumbnail":"https://cf.geekdo-images.com/wWbGItNBizKGWFKrza5kzQ__thumb/img/rjWTuXxLS8Ds8xtb4cG5YpsJbk0=/fit-in/200x150/filters:strip_icc()/pic940210.jpg","link":"https://boardgamegeek.com/thing/9653","minPlayers":"3","maxPlayers":"8","bestAtCount":"7"},{"id":"25554","name":"Notre Dame","type":"boardgame","lastmodified":"2011-07-21 20:52:22","thumbnail":"https://cf.geekdo-images.com/d1g8Yh14XHf63H3VOC93AA__thumb/img/DwCJeQSpNHs_cX8FfWwNlKqDRSQ=/fit-in/200x150/filters:strip_icc()/pic199316.jpg","link":"https://boardgamegeek.com/thing/25554","minPlayers":"2","maxPlayers":"5","bestAtCount":"3"},{"id":"9408","name":"Dos Rios","type":"boardgame","lastmodified":"2011-07-21 20:52:01","thumbnail":"https://cf.geekdo-images.com/h0DWk5AEnZmkuBytAlWY7Q__thumb/img/WS71DmI7uSSACeDQVFiE5G-RCOg=/fit-in/200x150/filters:strip_icc()/pic224460.jpg","link":"https://boardgamegeek.com/thing/9408","minPlayers":"2","maxPlayers":"4","bestAtCount":"2"},{"id":"2651","name":"Power Grid","type":"boardgame","lastmodified":"2011-02-03 13:02:39","thumbnail":"https://cf.geekdo-images.com/yd6LuatytHRhcFCxCf-EEg__thumb/img/jWTonZ5oYNlPzpELKHIJGWSS0Y8=/fit-in/200x150/filters:strip_icc()/pic4459753.jpg","link":"https://boardgamegeek.com/thing/2651","minPlayers":"2","maxPlayers":"6","bestAtCount":"4"},{"id":"78733","name":"Key Market","type":"boardgame","lastmodified":"2010-12-22 20:20:29","thumbnail":"https://cf.geekdo-images.com/RYr-cYrUa091ptMpw6Xa7g__thumb/img/EwamF0ncO2jZWeCNiCc9fUiA2v4=/fit-in/200x150/filters:strip_icc()/pic779996.jpg","link":"https://boardgamegeek.com/thing/78733","minPlayers":"2","maxPlayers":"4","bestAtCount":"2"},{"id":"6249","name":"Alhambra","type":"boardgame","lastmodified":"2010-10-20 15:46:14","thumbnail":"https://cf.geekdo-images.com/OiqKsYDh7pqeRYKG__kMSw__thumb/img/Pj2FP8bV-BHofcDS0eGLh8gzTmI=/fit-in/200x150/filters:strip_icc()/pic4893652.jpg","link":"https://boardgamegeek.com/thing/6249","minPlayers":"2","maxPlayers":"6","bestAtCount":"3"},{"id":"20963","name":"Fury of Dracula (Second Edition)","type":"boardgame","lastmodified":"2010-09-10 12:40:27","thumbnail":"https://cf.geekdo-images.com/IPdbwjsYJgokVAjYUa1aWg__thumb/img/IFs-IOi9pkODntXfiXuenUj3NeQ=/fit-in/200x150/filters:strip_icc()/pic1586916.jpg","link":"https://boardgamegeek.com/thing/20963","minPlayers":"2","maxPlayers":"5","bestAtCount":"5"},{"id":"4636","name":"Clans","type":"boardgame","lastmodified":"2010-09-10 12:11:13","thumbnail":"https://cf.geekdo-images.com/zu0wbezlPB_BcOu_QQJk-w__thumb/img/-SysBOAX-t1r1kmSZpLK44hsHUM=/fit-in/200x150/filters:strip_icc()/pic402299.jpg","link":"https://boardgamegeek.com/thing/4636","minPlayers":"2","maxPlayers":"4","bestAtCount":"2"},{"id":"8257","name":"Roads & Boats: &Cetera","type":"boardgameexpansion","lastmodified":"2010-06-04 00:25:16","thumbnail":"https://cf.geekdo-images.com/jS0dxoLMTyaf6H5YjnN0fw__thumb/img/1bSYRRA01H1moRK70iRWS6r608I=/fit-in/200x150/filters:strip_icc()/pic50966.jpg","link":"https://boardgamegeek.com/thing/8257","minPlayers":"1","maxPlayers":"6","bestAtCount":"3"},{"id":"875","name":"Roads & Boats","type":"boardgame","lastmodified":"2010-06-04 00:25:04","thumbnail":"https://cf.geekdo-images.com/V-uqqRB-Ybm6oD5jWv9cSw__thumb/img/mJ6WPCY8ub5LWFnpCnusv42WNhI=/fit-in/200x150/filters:strip_icc()/pic713985.jpg","link":"https://boardgamegeek.com/thing/875","minPlayers":"1","maxPlayers":"4","bestAtCount":"2"},{"id":"1403","name":"Turn the Tide","type":"boardgame","lastmodified":"2010-06-04 00:18:28","thumbnail":"https://cf.geekdo-images.com/lg2cZmqHCdBWuYMFqnYHoA__thumb/img/HMpv7y7QY4_1FvCVL5AAzdHZZ74=/fit-in/200x150/filters:strip_icc()/pic725351.jpg","link":"https://boardgamegeek.com/thing/1403","minPlayers":"3","maxPlayers":"5","bestAtCount":"4"},{"id":"74","name":"Apples to Apples","type":"boardgame","lastmodified":"2010-04-11 13:23:54","thumbnail":"https://cf.geekdo-images.com/S5GzB_f2Re3kEDoSxqG5Ew__thumb/img/kJ1JQ_d9xEZ00sJ1dLvwyQYiQUA=/fit-in/200x150/filters:strip_icc()/pic213515.jpg","link":"https://boardgamegeek.com/thing/74","minPlayers":"4","maxPlayers":"10","bestAtCount":"6"},{"id":"926","name":"CATAN: Cities & Knights","type":"boardgameexpansion","lastmodified":"2010-04-11 13:20:29","thumbnail":"https://cf.geekdo-images.com/XVjc87_UzjIhagFeO4r8ew__thumb/img/MVJhRxVHfoSpVOSSYwvzyn8hTCw=/fit-in/200x150/filters:strip_icc()/pic2420315.jpg","link":"https://boardgamegeek.com/thing/926","minPlayers":"3","maxPlayers":"4","bestAtCount":"4"},{"id":"2842","name":"TransAmerica","type":"boardgame","lastmodified":"2010-03-08 17:53:29","thumbnail":"https://cf.geekdo-images.com/yyyoLviq8AJABj7T7V5pgg__thumb/img/J2InPiyNrRDiTLCNNvh1TZDJpOM=/fit-in/200x150/filters:strip_icc()/pic1178136.jpg","link":"https://boardgamegeek.com/thing/2842","minPlayers":"2","maxPlayers":"6","bestAtCount":"5"},{"id":"902","name":"Meuterer","type":"boardgame","lastmodified":"2010-03-08 17:53:21","thumbnail":"https://cf.geekdo-images.com/Ca8jE5MAPHdEr4N0FgCcFg__thumb/img/hz2JFiXGdei5jk5-8XE8dwawx0Y=/fit-in/200x150/filters:strip_icc()/pic135137.jpg","link":"https://boardgamegeek.com/thing/902","minPlayers":"3","maxPlayers":"4","bestAtCount":"4"},{"id":"15511","name":"Fjords","type":"boardgame","lastmodified":"2010-03-08 17:53:14","thumbnail":"https://cf.geekdo-images.com/8EH_Whf_i0zTEVVsakj7Bw__thumb/img/nXw8aAtz4g2LaLtR8tT_lalCFmw=/fit-in/200x150/filters:strip_icc()/pic250459.jpg","link":"https://boardgamegeek.com/thing/15511","minPlayers":"2","maxPlayers":"2","bestAtCount":"2"},{"id":"826","name":"Cartagena","type":"boardgame","lastmodified":"2010-03-08 17:53:07","thumbnail":"https://cf.geekdo-images.com/e4QUk0ycODuPA7sLoKv4sQ__thumb/img/zk6iF4GIIObaxfv7-TuEpS9W59Y=/fit-in/200x150/filters:strip_icc()/pic1889500.jpg","link":"https://boardgamegeek.com/thing/826","minPlayers":"2","maxPlayers":"5","bestAtCount":"3"},{"id":"19591","name":"Big Manitou","type":"boardgame","lastmodified":"2010-03-08 17:52:48","thumbnail":"https://cf.geekdo-images.com/6SDcYGohqFbPQPNfzvRjtQ__thumb/img/7q8UJFuyFtmWN8DU7eUv_TjCgwY=/fit-in/200x150/filters:strip_icc()/pic92071.jpg","link":"https://boardgamegeek.com/thing/19591","minPlayers":"2","maxPlayers":"5","bestAtCount":"4"},{"id":"22345","name":"Yspahan","type":"boardgame","lastmodified":"2010-03-08 17:39:08","thumbnail":"https://cf.geekdo-images.com/_hUX-wQKA7Y8NYLitCl3Kw__thumb/img/gB45aMPqMqqTVndQsxm34ofuL40=/fit-in/200x150/filters:strip_icc()/pic244381.jpg","link":"https://boardgamegeek.com/thing/22345","minPlayers":"2","maxPlayers":"4","bestAtCount":"3"},{"id":"12761","name":"Ys","type":"boardgame","lastmodified":"2010-03-08 17:39:05","thumbnail":"https://cf.geekdo-images.com/4CUtcDNWKT-r08P9B5CBmQ__thumb/img/FSa6BP2JbM7y9tfdOLZHShzGcgo=/fit-in/200x150/filters:strip_icc()/pic342165.jpg","link":"https://boardgamegeek.com/thing/12761","minPlayers":"2","maxPlayers":"4","bestAtCount":"4"},{"id":"2596","name":"Villa Paletti","type":"boardgame","lastmodified":"2010-03-08 17:39:03","thumbnail":"https://cf.geekdo-images.com/RIl9xfBG7mGFNhWVLCrTlA__thumb/img/Gmqy6UppvoaPqecIQhyS_BgHd4s=/fit-in/200x150/filters:strip_icc()/pic168173.jpg","link":"https://boardgamegeek.com/thing/2596","minPlayers":"2","maxPlayers":"4","bestAtCount":"4"},{"id":"16395","name":"Blokus Duo","type":"boardgame","lastmodified":"2010-03-08 17:39:02","thumbnail":"https://cf.geekdo-images.com/pn92DM-FlWMRWusB0eP7vQ__thumb/img/VWrLrxIYrNEuu5WY8hkZbyVL9cc=/fit-in/200x150/filters:strip_icc()/pic1086904.jpg","link":"https://boardgamegeek.com/thing/16395","minPlayers":"2","maxPlayers":"2","bestAtCount":"2"},{"id":"15510","name":"Tower of Babel","type":"boardgame","lastmodified":"2010-03-08 17:38:59","thumbnail":"https://cf.geekdo-images.com/xlbZXr1v_YWFIDFQqBCeCQ__thumb/img/83iuYMvRem-0xibVOjwzSjZs_5w=/fit-in/200x150/filters:strip_icc()/pic311199.jpg","link":"https://boardgamegeek.com/thing/15510","minPlayers":"3","maxPlayers":"5","bestAtCount":"4"},{"id":"14996","name":"Ticket to Ride: Europe","type":"boardgame","lastmodified":"2010-03-08 17:38:57","thumbnail":"https://cf.geekdo-images.com/0K1AOciqlMVUWFPLTJSiww__thumb/img/RDvu2FvsYVVH8icp1VsilUlqUGI=/fit-in/200x150/filters:strip_icc()/pic66668.jpg","link":"https://boardgamegeek.com/thing/14996","minPlayers":"2","maxPlayers":"5","bestAtCount":"4"},{"id":"21790","name":"Thurn and Taxis","type":"boardgame","lastmodified":"2010-03-08 17:38:54","thumbnail":"https://cf.geekdo-images.com/OlwMFxx9t6HGndTSKaWxhg__thumb/img/Fz4ZowJ6MyHSUTZv6XVPs5w4NM0=/fit-in/200x150/filters:strip_icc()/pic115300.jpg","link":"https://boardgamegeek.com/thing/21790","minPlayers":"2","maxPlayers":"4","bestAtCount":"3"},{"id":"503","name":"Through the Desert","type":"boardgame","lastmodified":"2010-03-08 17:38:49","thumbnail":"https://cf.geekdo-images.com/Rq_hJIAO7jDgIpAW943hJA__thumb/img/blKEV5US-j7v3VDceGF1CIUb-lE=/fit-in/200x150/filters:strip_icc()/pic7697747.jpg","link":"https://boardgamegeek.com/thing/503","minPlayers":"2","maxPlayers":"5","bestAtCount":"3"},{"id":"30869","name":"Thebes","type":"boardgame","lastmodified":"2010-03-08 17:38:46","thumbnail":"https://cf.geekdo-images.com/T4EH02wIepQC4DzyEEY1MQ__thumb/img/oQ0IlYEVkHSnCPvoORuPAjzCCy8=/fit-in/200x150/filters:strip_icc()/pic2723204.jpg","link":"https://boardgamegeek.com/thing/30869","minPlayers":"2","maxPlayers":"4","bestAtCount":"3"},{"id":"17161","name":"Tempus","type":"boardgame","lastmodified":"2010-03-08 17:38:45","thumbnail":"https://cf.geekdo-images.com/HbByF3L0K1SdYldIlOJK_Q__thumb/img/2LMtuAl4hssI5FCi5VfpApvdBi0=/fit-in/200x150/filters:strip_icc()/pic218485.jpg","link":"https://boardgamegeek.com/thing/17161","minPlayers":"3","maxPlayers":"5","bestAtCount":"4"},{"id":"15062","name":"Shadows over Camelot","type":"boardgame","lastmodified":"2010-03-08 17:38:39","thumbnail":"https://cf.geekdo-images.com/JYqwG_v1B3RhpB7NcmeDOA__thumb/img/QOG1zO0uvqxGTDF9V_OewVPMvNE=/fit-in/200x150/filters:strip_icc()/pic70547.jpg","link":"https://boardgamegeek.com/thing/15062","minPlayers":"3","maxPlayers":"7","bestAtCount":"5"},{"id":"2915","name":"Catan Card Game: Expansion Set","type":"boardgameexpansion","lastmodified":"2010-03-08 17:38:36","thumbnail":"https://cf.geekdo-images.com/M1ogM5NSkKds14SapeqnwA__thumb/img/A_Rh9sBpilWX1R2l-G2rNhNYLhc=/fit-in/200x150/filters:strip_icc()/pic255527.jpg","link":"https://boardgamegeek.com/thing/2915","minPlayers":"2","maxPlayers":"2","bestAtCount":"2"},{"id":"278","name":"Catan Card Game","type":"boardgame","lastmodified":"2010-03-08 17:38:34","thumbnail":"https://cf.geekdo-images.com/CRCOv0p4FgZaze_3fGuhIA__thumb/img/m3u-LAThaaVm0fBYatEMsbrl_bk=/fit-in/200x150/filters:strip_icc()/pic706443.jpg","link":"https://boardgamegeek.com/thing/278","minPlayers":"2","maxPlayers":"2","bestAtCount":"2"},{"id":"8125","name":"Santiago","type":"boardgame","lastmodified":"2010-03-08 17:38:27","thumbnail":"https://cf.geekdo-images.com/tfDHVFfrC-s0I0KdE5fIbg__thumb/img/OjGDUKiMhlFRqFE0BsrjGZXTcPA=/fit-in/200x150/filters:strip_icc()/pic7052960.png","link":"https://boardgamegeek.com/thing/8125","minPlayers":"3","maxPlayers":"5","bestAtCount":"5"},{"id":"3","name":"Samurai","type":"boardgame","lastmodified":"2010-03-08 17:38:22","thumbnail":"https://cf.geekdo-images.com/o9-sNXmFS_TLAb7ZlZ4dRA__thumb/img/22MSUC0-ZWgwzhi_VKIbENJik1w=/fit-in/200x150/filters:strip_icc()/pic3211873.jpg","link":"https://boardgamegeek.com/thing/3","minPlayers":"2","maxPlayers":"4","bestAtCount":"3"},{"id":"18","name":"RoboRally","type":"boardgame","lastmodified":"2010-03-08 17:38:18","thumbnail":"https://cf.geekdo-images.com/eJx8hRJ6-86C2VrhECwEPA__thumb/img/J1PlqFqtN-hxuXM4eEi-ekANPP4=/fit-in/200x150/filters:strip_icc()/pic1000553.jpg","link":"https://boardgamegeek.com/thing/18","minPlayers":"2","maxPlayers":"8","bestAtCount":"5"},{"id":"12","name":"Ra","type":"boardgame","lastmodified":"2010-03-08 17:38:12","thumbnail":"https://cf.geekdo-images.com/k7lG683LBZdvFyS-FH-MpA__thumb/img/6KTtiknxxGwd0ARKrlsdoXFtHfI=/fit-in/200x150/filters:strip_icc()/pic6746812.png","link":"https://boardgamegeek.com/thing/12","minPlayers":"2","maxPlayers":"5","bestAtCount":"3"},{"id":"19319","name":"Power Grid: France/Italy","type":"boardgameexpansion","lastmodified":"2010-03-08 17:38:09","thumbnail":"https://cf.geekdo-images.com/xApaaV3xEdtqiJSrfmSrPQ__thumb/img/Qm-NjpXp64Oqb7v3Fv_hYsIOXyo=/fit-in/200x150/filters:strip_icc()/pic1553323.jpg","link":"https://boardgamegeek.com/thing/19319","minPlayers":"2","maxPlayers":"6","bestAtCount":"4"},{"id":"25031","name":"Power Grid: Benelux/Central Europe","type":"boardgameexpansion","lastmodified":"2010-03-08 17:38:07","thumbnail":"https://cf.geekdo-images.com/h1qZFP2iugcygBddHeLKmA__thumb/img/BlATkksAgHzG6EqhdP9-xYessjE=/fit-in/200x150/filters:strip_icc()/pic1624618.jpg","link":"https://boardgamegeek.com/thing/25031","minPlayers":"2","maxPlayers":"6","bestAtCount":"4"},{"id":"25946","name":"PitchCar: Extension 2 – More Speed More Fun","type":"boardgameexpansion","lastmodified":"2010-03-08 17:37:55","thumbnail":"https://cf.geekdo-images.com/jjZEfMQe0tezr-ZBavhXtA__thumb/img/_z0vVfigI2wOuDVQDRIJ3746vS8=/fit-in/200x150/filters:strip_icc()/pic273632.jpg","link":"https://boardgamegeek.com/thing/25946","minPlayers":"2","maxPlayers":"8","bestAtCount":"5"},{"id":"150","name":"PitchCar","type":"boardgame","lastmodified":"2010-03-08 17:37:52","thumbnail":"https://cf.geekdo-images.com/lvC1qJo4-RQ_zqudi_oRmA__thumb/img/7IuVc3d0QWtb0eCd6PaYHg8Qg2U=/fit-in/200x150/filters:strip_icc()/pic215555.jpg","link":"https://boardgamegeek.com/thing/150","minPlayers":"2","maxPlayers":"8","bestAtCount":"5"},{"id":"24480","name":"The Pillars of the Earth","type":"boardgame","lastmodified":"2010-03-08 17:37:48","thumbnail":"https://cf.geekdo-images.com/J897fuu-nl83_o90uOakVQ__thumb/img/s18kO6_0qCpGwK6IQZ9UhyJFjL8=/fit-in/200x150/filters:strip_icc()/pic3691155.jpg","link":"https://boardgamegeek.com/thing/24480","minPlayers":"2","maxPlayers":"4","bestAtCount":"4"},{"id":"531","name":"Merchants of Amsterdam","type":"boardgame","lastmodified":"2010-03-08 17:37:37","thumbnail":"https://cf.geekdo-images.com/6-Gt5b4KHTfdVWqPhQCeaw__thumb/img/2c3QxjsDbVlgOsaES-K2gu2ftPU=/fit-in/200x150/filters:strip_icc()/pic153968.jpg","link":"https://boardgamegeek.com/thing/531","minPlayers":"3","maxPlayers":"5","bestAtCount":"4"},{"id":"13642","name":"Louis XIV","type":"boardgame","lastmodified":"2010-03-08 17:37:30","thumbnail":"https://cf.geekdo-images.com/TsxO4Iggn_kKRMBlR14gJg__thumb/img/fqur7wJo01qzNKMPAbd2yYHO0pY=/fit-in/200x150/filters:strip_icc()/pic63296.jpg","link":"https://boardgamegeek.com/thing/13642","minPlayers":"2","maxPlayers":"4","bestAtCount":"4"},{"id":"257","name":"Kill Doctor Lucky","type":"boardgame","lastmodified":"2010-03-08 17:37:25","thumbnail":"https://cf.geekdo-images.com/HzSvdAtAiktVmdTfDEIayA__thumb/img/fIMPwA6ZEVr9bSf7QFrsezXjafg=/fit-in/200x150/filters:strip_icc()/pic2923257.jpg","link":"https://boardgamegeek.com/thing/257","minPlayers":"3","maxPlayers":"8","bestAtCount":"5"},{"id":"4099","name":"Keythedral","type":"boardgame","lastmodified":"2010-03-08 17:37:17","thumbnail":"https://cf.geekdo-images.com/iQbEVmvovOvL8OEgNcpW1g__thumb/img/dfTDdv7nd86VgRd-Y_iCuyqbdz8=/fit-in/200x150/filters:strip_icc()/pic561488.jpg","link":"https://boardgamegeek.com/thing/4099","minPlayers":"2","maxPlayers":"5","bestAtCount":"4"},{"id":"9674","name":"Ingenious","type":"boardgame","lastmodified":"2010-03-08 17:37:13","thumbnail":"https://cf.geekdo-images.com/_qEEUfI9DxtfVxYCerAvsQ__thumb/img/03ERw7OIGzvbuGKm3L5fWO1bqFQ=/fit-in/200x150/filters:strip_icc()/pic7633115.jpg","link":"https://boardgamegeek.com/thing/9674","minPlayers":"1","maxPlayers":"4","bestAtCount":"2"},{"id":"13780","name":"In the Shadow of the Emperor","type":"boardgame","lastmodified":"2010-03-08 17:37:09","thumbnail":"https://cf.geekdo-images.com/EPn4vnAgjIOOi-_a7vkb6A__thumb/img/D3VqwPd2pQijGr21JbSyhUyzqMI=/fit-in/200x150/filters:strip_icc()/pic7244178.jpg","link":"https://boardgamegeek.com/thing/13780","minPlayers":"2","maxPlayers":"4","bestAtCount":"4"},{"id":"8160","name":"Illuminati: Crime Lords","type":"boardgame","lastmodified":"2010-03-08 17:37:07","thumbnail":"https://cf.geekdo-images.com/B2Vndn5_GqkTkvy25RyBAQ__thumb/img/APlE4Cb48Y5lPotH2bh6d_avB5o=/fit-in/200x150/filters:strip_icc()/pic45153.jpg","link":"https://boardgamegeek.com/thing/8160","minPlayers":"2","maxPlayers":"6","bestAtCount":"4"},{"id":"22049","name":"Illuminati: Bavarian Fire Drill","type":"boardgameexpansion","lastmodified":"2010-03-08 17:37:05","thumbnail":"https://cf.geekdo-images.com/am3dRR5NYPIaeo2vsfcowQ__thumb/img/UG_IgsPcdzGk-C7Z-q9AikT5IyM=/fit-in/200x150/filters:strip_icc()/pic208109.jpg","link":"https://boardgamegeek.com/thing/22049","minPlayers":"2","maxPlayers":"8","bestAtCount":"4"},{"id":"28","name":"Illuminati","type":"boardgame","lastmodified":"2010-03-08 17:37:03","thumbnail":"https://cf.geekdo-images.com/ea8y04WKGgdQkFy1Pbw9tA__thumb/img/eph2ZknTAhhs-A8ij76DJbhzjrs=/fit-in/200x150/filters:strip_icc()/pic1320091.jpg","link":"https://boardgamegeek.com/thing/28","minPlayers":"2","maxPlayers":"6","bestAtCount":"4"},{"id":"903","name":"Hamster Roll","type":"boardgame","lastmodified":"2010-03-08 17:36:47","thumbnail":"https://cf.geekdo-images.com/-3dOkXfvk0fJ829LZATenQ__thumb/img/1GsrSMUtbXL4eUC-a7UAGZxVfVU=/fit-in/200x150/filters:strip_icc()/pic7961723.png","link":"https://boardgamegeek.com/thing/903","minPlayers":"2","maxPlayers":"4","bestAtCount":"4"},{"id":"19100","name":"Hacienda","type":"boardgame","lastmodified":"2010-03-08 17:36:45","thumbnail":"https://cf.geekdo-images.com/rUqnRtf5-gBw4JShxnO-JQ__thumb/img/VYd2G2yYvmEgDcggjKpEpioxs74=/fit-in/200x150/filters:strip_icc()/pic121746.jpg","link":"https://boardgamegeek.com/thing/19100","minPlayers":"2","maxPlayers":"5","bestAtCount":"4"},{"id":"583","name":"The El Grande Expansions","type":"boardgameexpansion","lastmodified":"2010-03-08 17:36:42","thumbnail":"https://cf.geekdo-images.com/sTr2jZZhus07Ten7datZNQ__thumb/img/nhfXyp_V4U89iQHYV5Xf2z-ZDsU=/fit-in/200x150/filters:strip_icc()/pic63290.jpg","link":"https://boardgamegeek.com/thing/583","minPlayers":"2","maxPlayers":"5","bestAtCount":"5"},{"id":"93","name":"El Grande","type":"boardgame","lastmodified":"2010-03-08 17:36:39","thumbnail":"https://cf.geekdo-images.com/RRKDHaYtFPHhczkUDcHOmg__thumb/img/XPcVtsZPITv5qe3IXpzMKa5RSYA=/fit-in/200x150/filters:strip_icc()/pic7906240.jpg","link":"https://boardgamegeek.com/thing/93","minPlayers":"2","maxPlayers":"5","bestAtCount":"5"},{"id":"527","name":"GIPF","type":"boardgame","lastmodified":"2010-03-08 17:36:35","thumbnail":"https://cf.geekdo-images.com/ZqhrkY3lhZ1ecQqaUovLHw__thumb/img/pdGCkH9cEjvZLbvR2wgooQihTGY=/fit-in/200x150/filters:strip_icc()/pic2844819.png","link":"https://boardgamegeek.com/thing/527","minPlayers":"2","maxPlayers":"2","bestAtCount":"2"},{"id":"1017","name":"Fresh Fish","type":"boardgame","lastmodified":"2010-03-08 17:36:30","thumbnail":"https://cf.geekdo-images.com/PSrv-V69IZxxHgTHnT0Dzg__thumb/img/8423jSKfFmYbUkoTEdRFLMQnKYM=/fit-in/200x150/filters:strip_icc()/pic21808.jpg","link":"https://boardgamegeek.com/thing/1017","minPlayers":"2","maxPlayers":"5","bestAtCount":"4"},{"id":"6539","name":"Formula Dé Mini","type":"boardgame","lastmodified":"2010-03-08 17:36:25","thumbnail":"https://cf.geekdo-images.com/c6ErTW6FmknyyRkZgaBICg__thumb/img/EWMX6_vtp1FrAe-Jz-oU1N59tZY=/fit-in/200x150/filters:strip_icc()/pic30278.jpg","link":"https://boardgamegeek.com/thing/6539","minPlayers":"2","maxPlayers":"6","bestAtCount":"4"},{"id":"1159","name":"Evo","type":"boardgame","lastmodified":"2010-03-08 17:36:11","thumbnail":"https://cf.geekdo-images.com/OlpxzxL2SVr4gQvCSaL4JQ__thumb/img/ircB1NYz1FoikJQ5GRzmmNMCX8g=/fit-in/200x150/filters:strip_icc()/pic1100790.jpg","link":"https://boardgamegeek.com/thing/1159","minPlayers":"3","maxPlayers":"5","bestAtCount":"4"},{"id":"10","name":"Elfenland","type":"boardgame","lastmodified":"2010-03-08 17:36:09","thumbnail":"https://cf.geekdo-images.com/Ea4jN5Ko5bPrXrU_AYhhzg__thumb/img/f4FrKXF0HKlPS2jH1AW4_-7Hek8=/fit-in/200x150/filters:strip_icc()/pic1798136.jpg","link":"https://boardgamegeek.com/thing/10","minPlayers":"2","maxPlayers":"6","bestAtCount":"4"},{"id":"12995","name":"Dungeon Twister","type":"boardgame","lastmodified":"2010-03-08 17:36:06","thumbnail":"https://cf.geekdo-images.com/fngIoEZCqy8mAFmygDdbCg__thumb/img/OSC45vms69MYZKZZ2e04QT12icU=/fit-in/200x150/filters:strip_icc()/pic97630.jpg","link":"https://boardgamegeek.com/thing/12995","minPlayers":"2","maxPlayers":"2","bestAtCount":"2"},{"id":"5737","name":"Domaine","type":"boardgame","lastmodified":"2010-03-08 17:35:57","thumbnail":"https://cf.geekdo-images.com/9OCBvjQKVfNattSqBy4k1Q__thumb/img/jB1stUC9_7i5MwBhadEXIVTBbpw=/fit-in/200x150/filters:strip_icc()/pic21368.jpg","link":"https://boardgamegeek.com/thing/5737","minPlayers":"2","maxPlayers":"4","bestAtCount":"4"},{"id":"22141","name":"Cleopatra and the Society of Architects","type":"boardgame","lastmodified":"2010-03-08 17:35:55","thumbnail":"https://cf.geekdo-images.com/7cNh9n1YX-TjuWPTjYXSiw__thumb/img/XkQLcneMW2QnQslgvjOWTo94Pm8=/fit-in/200x150/filters:strip_icc()/pic1904123.jpg","link":"https://boardgamegeek.com/thing/22141","minPlayers":"3","maxPlayers":"5","bestAtCount":"4"},{"id":"13291","name":"Citadels: The Dark City","type":"boardgameexpansion","lastmodified":"2010-03-08 17:35:53","thumbnail":"https://cf.geekdo-images.com/ob2ZeKEtVI-sgTtyRkFIfA__thumb/img/9WYbMStI_fMk_SRUVP5HUGpOLBw=/fit-in/200x150/filters:strip_icc()/pic73710.jpg","link":"https://boardgamegeek.com/thing/13291","minPlayers":"2","maxPlayers":"8","bestAtCount":"5"},{"id":"18100","name":"China","type":"boardgame","lastmodified":"2010-03-08 17:35:50","thumbnail":"https://cf.geekdo-images.com/JpLM08UVFMBTpxg2_L71Ug__thumb/img/tpNmOUjT0PXk5eki_BthGcG2CsQ=/fit-in/200x150/filters:strip_icc()/pic63275.jpg","link":"https://boardgamegeek.com/thing/18100","minPlayers":"3","maxPlayers":"5","bestAtCount":"3"},{"id":"27364","name":"Caylus Magna Carta","type":"boardgame","lastmodified":"2010-03-08 17:35:46","thumbnail":"https://cf.geekdo-images.com/XLo2qDE1uVGAvVUc2TJZzw__thumb/img/A7eydugtIseiNjCxfxcmdCgdy2s=/fit-in/200x150/filters:strip_icc()/pic339842.jpg","link":"https://boardgamegeek.com/thing/27364","minPlayers":"2","maxPlayers":"4","bestAtCount":"3"},{"id":"18602","name":"Caylus","type":"boardgame","lastmodified":"2010-03-08 17:35:43","thumbnail":"https://cf.geekdo-images.com/yC7nOSc1x5PT-oNnh6TEcQ__thumb/img/ec9AK_e7FTbxy9tA8er2wW4UnqA=/fit-in/200x150/filters:strip_icc()/pic1638795.jpg","link":"https://boardgamegeek.com/thing/18602","minPlayers":"2","maxPlayers":"5","bestAtCount":"3"},{"id":"7","name":"Cathedral","type":"boardgame","lastmodified":"2010-03-08 17:35:38","thumbnail":"https://cf.geekdo-images.com/78Dgd-b_1_xEv4OXVKdaag__thumb/img/mrvl6BsXE-IGkqt2otFbIe7zYV4=/fit-in/200x150/filters:strip_icc()/pic7012177.jpg","link":"https://boardgamegeek.com/thing/7","minPlayers":"2","maxPlayers":"2","bestAtCount":"2"},{"id":"432","name":"Take 5","type":"boardgame","lastmodified":"2010-03-08 17:35:34","thumbnail":"https://cf.geekdo-images.com/fejfmCLX0kSSKppT5iv_Pg__thumb/img/dWcwk0P0dT5AujK4CiYP_A2d93A=/fit-in/200x150/filters:strip_icc()/pic7649146.jpg","link":"https://boardgamegeek.com/thing/432","minPlayers":"2","maxPlayers":"10","bestAtCount":"5"},{"id":"5405","name":"Carcassonne: Expansion 2 – Traders & Builders","type":"boardgameexpansion","lastmodified":"2010-03-08 17:35:22","thumbnail":"https://cf.geekdo-images.com/BaBb91gSf9Lu7CA0Pa9sOg__thumb/img/wKxqmMudEz0HaM7MEDKLbTVa1qE=/fit-in/200x150/filters:strip_icc()/pic2659946.jpg","link":"https://boardgamegeek.com/thing/5405","minPlayers":"2","maxPlayers":"6","bestAtCount":"2"},{"id":"12903","name":"Carcassonne: The Count of Carcassonne","type":"boardgameexpansion","lastmodified":"2010-03-08 17:35:19","thumbnail":"https://cf.geekdo-images.com/Xa9aBDIZPLOS4qLiLOi76w__thumb/img/rPjCSMv89F0hc9npCsyhWOf32rM=/fit-in/200x150/filters:strip_icc()/pic137042.jpg","link":"https://boardgamegeek.com/thing/12903","minPlayers":"2","maxPlayers":"6","bestAtCount":"3"},{"id":"11","name":"Bohnanza","type":"boardgame","lastmodified":"2010-03-08 17:35:12","thumbnail":"https://cf.geekdo-images.com/8SADtu_4zBH_UJrCo935Iw__thumb/img/vwTEQOWA3Mw__ztkTMulOgJ82Pw=/fit-in/200x150/filters:strip_icc()/pic6348964.jpg","link":"https://boardgamegeek.com/thing/11","minPlayers":"2","maxPlayers":"7","bestAtCount":"4"},{"id":"2453","name":"Blokus","type":"boardgame","lastmodified":"2010-03-08 17:35:04","thumbnail":"https://cf.geekdo-images.com/96YA5wUJDxtPkmPxemr5Qg__thumb/img/EBt2y7Awj5djyo185R7g6FV3P9g=/fit-in/200x150/filters:strip_icc()/pic2197702.jpg","link":"https://boardgamegeek.com/thing/2453","minPlayers":"2","maxPlayers":"4","bestAtCount":"4"},{"id":"10547","name":"Betrayal at House on the Hill","type":"boardgame","lastmodified":"2010-03-08 17:35:02","thumbnail":"https://cf.geekdo-images.com/lqmt2Oti_qJS65XqHcB8AA__thumb/img/EDOmDbRhLy4za2PHkJ5IbhNxZmk=/fit-in/200x150/filters:strip_icc()/pic5146864.png","link":"https://boardgamegeek.com/thing/10547","minPlayers":"3","maxPlayers":"6","bestAtCount":"5"},{"id":"4553","name":"Attribute","type":"boardgame","lastmodified":"2010-03-08 17:34:57","thumbnail":"https://cf.geekdo-images.com/8mrFKnY4MU5XP2iifmAm9A__thumb/img/Co3ceTtwHQMATy3XyWjDcCxATto=/fit-in/200x150/filters:strip_icc()/pic211585.jpg","link":"https://boardgamegeek.com/thing/4553","minPlayers":"3","maxPlayers":"8","bestAtCount":"6"},{"id":"20080","name":"Aqua Romana","type":"boardgame","lastmodified":"2010-03-08 17:34:49","thumbnail":"https://cf.geekdo-images.com/uqZ_Kf6mlRJFSkEqCCCDtg__thumb/img/mPSt_lfxD_v3fjalAQEq0vlFUiE=/fit-in/200x150/filters:strip_icc()/pic485685.jpg","link":"https://boardgamegeek.com/thing/20080","minPlayers":"2","maxPlayers":"4","bestAtCount":"3"},{"id":"5404","name":"Amun-Re","type":"boardgame","lastmodified":"2010-03-08 17:34:46","thumbnail":"https://cf.geekdo-images.com/wFD0mXh1AZshtsYlrBXyzA__thumb/img/nLzU6sEdEIrWcjgBVOlj-Jfsl6s=/fit-in/200x150/filters:strip_icc()/pic2748305.jpg","link":"https://boardgamegeek.com/thing/5404","minPlayers":"3","maxPlayers":"5","bestAtCount":"5"},{"id":"15157","name":"Amazonas","type":"boardgame","lastmodified":"2010-03-08 17:34:39","thumbnail":"https://cf.geekdo-images.com/vZ3a91jG-jMcKBoNZK3E-w__thumb/img/fBCvYEtdNRe6LNgSoMol5yHYhSw=/fit-in/200x150/filters:strip_icc()/pic63567.jpg","link":"https://boardgamegeek.com/thing/15157","minPlayers":"3","maxPlayers":"4","bestAtCount":"4"},{"id":"16494","name":"Alhambra: The Thief's Turn","type":"boardgameexpansion","lastmodified":"2010-03-08 17:34:32","thumbnail":"https://cf.geekdo-images.com/aivmMXFXs4S4h5l8-5QECg__thumb/img/tf0DNKGf8Xf2ulYoSsJExSjFdUI=/fit-in/200x150/filters:strip_icc()/pic253894.jpg","link":"https://boardgamegeek.com/thing/16494","minPlayers":"2","maxPlayers":"6","bestAtCount":"3"},{"id":"9687","name":"Alhambra: The Vizier's Favor","type":"boardgameexpansion","lastmodified":"2010-03-08 17:34:32","thumbnail":"https://cf.geekdo-images.com/EJY83JZj2yHCa5C9jo1rlw__thumb/img/i8qJ3GulVZoTgZ7ClY7bnIenoBg=/fit-in/200x150/filters:strip_icc()/pic105723.jpg","link":"https://boardgamegeek.com/thing/9687","minPlayers":"2","maxPlayers":"6","bestAtCount":"3"},{"id":"22279","name":"Alhambra: The Treasure Chamber","type":"boardgameexpansion","lastmodified":"2010-03-08 17:34:27","thumbnail":"https://cf.geekdo-images.com/fU70Y8zTCZHzcUVaimPOig__thumb/img/vz8mBpxdfxLnjKvs51vh7meS_To=/fit-in/200x150/filters:strip_icc()/pic211861.jpg","link":"https://boardgamegeek.com/thing/22279","minPlayers":"2","maxPlayers":"6","bestAtCount":"3"},{"id":"39109","name":"Alhambra: Power of the Sultan","type":"boardgameexpansion","lastmodified":"2010-03-08 17:34:26","thumbnail":"https://cf.geekdo-images.com/zHSerJ8o1RCefrmtXC1T8g__thumb/img/_LncpIGJAMdqeXIlVvRN6h45sNU=/fit-in/200x150/filters:strip_icc()/pic605383.jpg","link":"https://boardgamegeek.com/thing/39109","minPlayers":"2","maxPlayers":"6","bestAtCount":"3"},{"id":"31260","name":"Agricola","type":"boardgame","lastmodified":"2010-03-08 17:34:19","thumbnail":"https://cf.geekdo-images.com/dDDo2Hexl80ucK1IlqTk-g__thumb/img/GHGdnCfeysoP_34gLnofJcNivW8=/fit-in/200x150/filters:strip_icc()/pic831744.jpg","link":"https://boardgamegeek.com/thing/31260","minPlayers":"1","maxPlayers":"5","bestAtCount":"3"},{"id":"424","name":"1870: Railroading Across the Trans Mississippi from 1870","type":"boardgame","lastmodified":"2010-03-08 17:34:09","thumbnail":"https://cf.geekdo-images.com/vsbzlxw-DEe4wEBcT3z_ng__thumb/img/zYmSM5jxBNemVkyWvvkKFMAOIro=/fit-in/200x150/filters:strip_icc()/pic159312.jpg","link":"https://boardgamegeek.com/thing/424","minPlayers":"2","maxPlayers":"6","bestAtCount":"4"},{"id":"15817","name":"Manila","type":"boardgame","lastmodified":"2010-03-08 17:18:53","thumbnail":"https://cf.geekdo-images.com/dU0cm4_NP8QiQqiXP9Jclw__thumb/img/fgRQKglhHBKsRP-nUi0EE-iuxvM=/fit-in/200x150/filters:strip_icc()/pic902372.jpg","link":"https://boardgamegeek.com/thing/15817","minPlayers":"3","maxPlayers":"5","bestAtCount":"4"},{"id":"25945","name":"Arkham Horror: The King in Yellow Expansion","type":"boardgameexpansion","lastmodified":"2010-03-08 17:11:58","thumbnail":"https://cf.geekdo-images.com/pfNqKrM-0NtxL2aCdfzwgg__thumb/img/msLVxhHV3WN-BoI5FKf5vAHj0Lo=/fit-in/200x150/filters:strip_icc()/pic222480.jpg","link":"https://boardgamegeek.com/thing/25945","minPlayers":"1","maxPlayers":"8","bestAtCount":"4"},{"id":"21059","name":"Arkham Horror: Dunwich Horror Expansion","type":"boardgameexpansion","lastmodified":"2010-03-08 17:11:56","thumbnail":"https://cf.geekdo-images.com/SD4sueZ3S8iL1RlZIq-u_A__thumb/img/RpKj-u4cqnpskpB_QEEpwdEEUA0=/fit-in/200x150/filters:strip_icc()/pic114495.jpg","link":"https://boardgamegeek.com/thing/21059","minPlayers":"1","maxPlayers":"8","bestAtCount":"4"},{"id":"15987","name":"Arkham Horror","type":"boardgame","lastmodified":"2010-03-08 17:11:53","thumbnail":"https://cf.geekdo-images.com/9cJf4kd_HZQo6NunfJlo9w__thumb/img/6VzhMMmGOxNTCHQ-8iFdn5vINis=/fit-in/200x150/filters:strip_icc()/pic175966.jpg","link":"https://boardgamegeek.com/thing/15987","minPlayers":"1","maxPlayers":"8","bestAtCount":"4"},{"id":"15033","name":"Australia","type":"boardgame","lastmodified":"2010-03-08 17:09:33","thumbnail":"https://cf.geekdo-images.com/1WKEg1fo5EJpQpMuzgFYKQ__thumb/img/xDuIl1PNVDPVyX1qBuoJb_YcMns=/fit-in/200x150/filters:strip_icc()/pic183103.jpg","link":"https://boardgamegeek.com/thing/15033","minPlayers":"2","maxPlayers":"5","bestAtCount":"4"},{"id":"25568","name":"Metropolys","type":"boardgame","lastmodified":"2010-03-08 17:07:35","thumbnail":"https://cf.geekdo-images.com/nDR7wvOFkjReg5RGtIGpng__thumb/img/IQF7J0ktj0AN80yv70HH248Kiuo=/fit-in/200x150/filters:strip_icc()/pic297075.jpg","link":"https://boardgamegeek.com/thing/25568","minPlayers":"2","maxPlayers":"4","bestAtCount":"4"},{"id":"9209","name":"Ticket to Ride","type":"boardgame","lastmodified":"2006-03-06 15:01:26","thumbnail":"https://cf.geekdo-images.com/ZWJg0dCdrWHxVnc0eFXK8w__thumb/img/a9rsFV6KR0aun8GobhRU16aU8Kc=/fit-in/200x150/filters:strip_icc()/pic38668.jpg","link":"https://boardgamegeek.com/thing/9209","minPlayers":"2","maxPlayers":"5","bestAtCount":"4"},{"id":"915","name":"Mystery of the Abbey","type":"boardgame","lastmodified":"2005-05-02 10:40:46","thumbnail":"https://cf.geekdo-images.com/5wwSFSDlAa0LkEQyN1Dgmw__thumb/img/KUxemc015aCXAVgXfx3yvx8Jnk8=/fit-in/200x150/filters:strip_icc()/pic7229381.jpg","link":"https://boardgamegeek.com/thing/915","minPlayers":"3","maxPlayers":"6","bestAtCount":"4"},{"id":"9675","name":"La Strada","type":"boardgame","lastmodified":"2005-05-02 10:38:32","thumbnail":"https://cf.geekdo-images.com/FI6EY7xN3elchZZrPXKS2w__thumb/img/yEYhAhJJ3b93nxuuj30ChRVht40=/fit-in/200x150/filters:strip_icc()/pic1191603.jpg","link":"https://boardgamegeek.com/thing/9675","minPlayers":"2","maxPlayers":"4","bestAtCount":"4"},{"id":"42","name":"Tigris & Euphrates","type":"boardgame","lastmodified":"2005-05-01 23:47:39","thumbnail":"https://cf.geekdo-images.com/soAzNVWglCdVBacNjoCTJw__thumb/img/0UPEyOaSFyqEH1ikrSig_218RQ0=/fit-in/200x150/filters:strip_icc()/pic2338267.jpg","link":"https://boardgamegeek.com/thing/42","minPlayers":"2","maxPlayers":"4","bestAtCount":"4"},{"id":"7717","name":"Carcassonne: The Castle","type":"boardgame","lastmodified":"2005-05-01 23:42:18","thumbnail":"https://cf.geekdo-images.com/b93sGgQU_QKNRsynhBAuVA__thumb/img/RsiqZlVAQ0PKiV9NeIn14Vbpe1s=/fit-in/200x150/filters:strip_icc()/pic2606367.jpg","link":"https://boardgamegeek.com/thing/7717","minPlayers":"2","maxPlayers":"2","bestAtCount":"2"},{"id":"9217","name":"Saint Petersburg","type":"boardgame","lastmodified":"2005-04-29 18:00:45","thumbnail":"https://cf.geekdo-images.com/Yoidfpvt2eACASYUpbmsyg__thumb/img/oN0BjMknoiCwD-o5qeSCOxVPKF0=/fit-in/200x150/filters:strip_icc()/pic246360.jpg","link":"https://boardgamegeek.com/thing/9217","minPlayers":"2","maxPlayers":"4","bestAtCount":"4"},{"id":"478","name":"Citadels","type":"boardgame","lastmodified":"2005-03-20 12:09:23","thumbnail":"https://cf.geekdo-images.com/42iW4E-vOumFXRQAiSf-GA__thumb/img/lxwVwqIO1RkDyyykSDFnpmwbgyI=/fit-in/200x150/filters:strip_icc()/pic3239104.jpg","link":"https://boardgamegeek.com/thing/478","minPlayers":"2","maxPlayers":"8","bestAtCount":"5"},{"id":"12063","name":"There's a Moose in the House","type":"boardgame","lastmodified":"2005-03-20 12:06:51","thumbnail":"https://cf.geekdo-images.com/UumOIGIBCEqKE9XnGd0__Q__thumb/img/_WjLt-p6JZ9fUTVP5EK6NQ7lZQg=/fit-in/200x150/filters:strip_icc()/pic974382.jpg","link":"https://boardgamegeek.com/thing/12063","minPlayers":"2","maxPlayers":"5","bestAtCount":"4"},{"id":"433","name":"Shark","type":"boardgame","lastmodified":"2005-03-20 12:02:26","thumbnail":"https://cf.geekdo-images.com/wU-CelFCsMaOrhWwAiny0g__thumb/img/yBv4f9_eXfmfuh6bFTGT_QTQOao=/fit-in/200x150/filters:strip_icc()/pic6985693.jpg","link":"https://boardgamegeek.com/thing/433","minPlayers":"2","maxPlayers":"6","bestAtCount":"4"},{"id":"3076","name":"Puerto Rico","type":"boardgame","lastmodified":"2005-03-20 12:01:22","thumbnail":"https://cf.geekdo-images.com/QFiIRd2kimaMqTyWsX0aUg__thumb/img/5fLo89ChZH6Wzukk36bhZ-EpBS0=/fit-in/200x150/filters:strip_icc()/pic158548.jpg","link":"https://boardgamegeek.com/thing/3076","minPlayers":"3","maxPlayers":"5","bestAtCount":"4"},{"id":"638","name":"Hera and Zeus","type":"boardgame","lastmodified":"2005-03-20 12:00:25","thumbnail":"https://cf.geekdo-images.com/YnsbGY6oC0Tgysa2PBBZNg__thumb/img/2d-AZR1YHDmukw5kriDa7BJXT0Y=/fit-in/200x150/filters:strip_icc()/pic63285.jpg","link":"https://boardgamegeek.com/thing/638","minPlayers":"2","maxPlayers":"2","bestAtCount":"2"},{"id":"258","name":"Fluxx","type":"boardgame","lastmodified":"2005-03-20 11:59:41","thumbnail":"https://cf.geekdo-images.com/ZBQHRlhd32wt4F_zgeic6w__thumb/img/MjQ7iYoOXuU9AUrTojjYE8sdyTk=/fit-in/200x150/filters:strip_icc()/pic2405641.jpg","link":"https://boardgamegeek.com/thing/258","minPlayers":"2","maxPlayers":"6","bestAtCount":"4"},{"id":"188","name":"Go","type":"boardgame","lastmodified":"2005-03-20 11:57:03","thumbnail":"https://cf.geekdo-images.com/6qAiZwWxSSKP2kFcA80cZg__thumb/img/COT5I3D_0dKWrSRHChb-SnQl3Zc=/fit-in/200x150/filters:strip_icc()/pic1728832.jpg","link":"https://boardgamegeek.com/thing/188","minPlayers":"2","maxPlayers":"2","bestAtCount":"2"},{"id":"10997","name":"Boomtown","type":"boardgame","lastmodified":"2005-03-20 11:51:47","thumbnail":"https://cf.geekdo-images.com/vhSwPyIL6n4kkmkaxfS6Zg__thumb/img/tBwBgfb9ySruH2saOLXoLucj4eU=/fit-in/200x150/filters:strip_icc()/pic49310.jpg","link":"https://boardgamegeek.com/thing/10997","minPlayers":"3","maxPlayers":"5","bestAtCount":"4"},{"id":"3955","name":"BANG!","type":"boardgame","lastmodified":"2005-03-20 11:50:49","thumbnail":"https://cf.geekdo-images.com/_04xA-d-rfygm0c49HE4vA__thumb/img/P-6cf4TEk7ewzrfP9d-8c-TxAY4=/fit-in/200x150/filters:strip_icc()/pic1170986.jpg","link":"https://boardgamegeek.com/thing/3955","minPlayers":"4","maxPlayers":"7","bestAtCount":"7"},{"id":"5716","name":"Balloon Cup","type":"boardgame","lastmodified":"2005-03-20 11:49:37","thumbnail":"https://cf.geekdo-images.com/YHPPsc22emFVr-eXHPd_BA__thumb/img/BxIZkGvFA46WWTZWeqCgmGPILlU=/fit-in/200x150/filters:strip_icc()/pic63292.jpg","link":"https://boardgamegeek.com/thing/5716","minPlayers":"2","maxPlayers":"2","bestAtCount":"2"}]}